run_id,source_file,source_row,version,attack_name,trial_id,target_client_id,pred_member,score_name,replacement_text,truth_member,score,threshold,batch_size,attack_provenance,seed,training_provenance,membership_target,target_exposed,candidate_sha256,batch_pair_seed
loss_federated_llm_adaptation_v1_6b867aebd9da4cc2,1-firexport_basic_1789247974262.csv,2,legacy,loss,0,0,True,average_per_token_negative_log_likelihood,,True,3.8051462173461914,4.43903374671936,,,,,,,,
loss_federated_llm_adaptation_v1_6b867aebd9da4cc2,1-firexport_basic_1789247974262.csv,2,legacy,loss,1,0,True,average_per_token_negative_log_likelihood,<redacted real dataset record>,False,4.215422630310059,4.432863235473633,,,,,,,,
loss_federated_llm_adaptation_v1_6b867aebd9da4cc2,1-firexport_basic_1789247974262.csv,2,legacy,loss,2,0,True,average_per_token_negative_log_likelihood,,True,5.059575080871582,5.161405801773071,,,,,,,,
loss_federated_llm_adaptation_v1_6b867aebd9da4cc2,1-firexport_basic_1789247974262.csv,2,legacy,loss,3,0,False,average_per_token_negative_log_likelihood,<redacted real dataset record>,False,5.521958351135254,5.182564735412598,,,,,,,,
loss_federated_llm_adaptation_v1_6b867aebd9da4cc2,1-firexport_basic_1789247974262.csv,2,legacy,loss,4,0,False,average_per_token_negative_log_likelihood,,True,5.026424884796143,4.502910852432251,,,,,,,,
loss_federated_llm_adaptation_v1_6b867aebd9da4cc2,1-firexport_basic_1789247974262.csv,2,legacy,loss,5,0,False,average_per_token_negative_log_likelihood,<redacted real dataset record>,False,5.372471809387207,4.564891576766968,,,,,,,,
0020bc6b33b55c43,2-firexport_basic_1789247966014.csv,2,legacy,neighborhood,0,,True,,,True,1.9169343312581377,,,,,,,,,
0020bc6b33b55c43,2-firexport_basic_1789247966014.csv,2,legacy,neighborhood,1,,True,,,False,1.8757499853769941,,,,,,,,,
0020bc6b33b55c43,2-firexport_basic_1789247966014.csv,2,legacy,neighborhood,2,,True,,,True,1.6941045125325518,,,,,,,,,
0020bc6b33b55c43,2-firexport_basic_1789247966014.csv,2,legacy,neighborhood,3,,True,,,False,1.309061050415039,,,,,,,,,
0020bc6b33b55c43,2-firexport_basic_1789247966014.csv,2,legacy,neighborhood,4,,True,,,True,1.297319968541463,,,,,,,,,
0020bc6b33b55c43,2-firexport_basic_1789247966014.csv,2,legacy,neighborhood,5,,True,,,False,1.1498145262400312,,,,,,,,,
03320ea8801b3520,2-firexport_basic_1789247966014.csv,3,legacy,neighborhood,0,,True,,,True,2.3451443513234453,,,,,,,,,
03320ea8801b3520,2-firexport_basic_1789247966014.csv,3,legacy,neighborhood,1,,True,,,False,1.9057715733846026,,,,,,,,,
03320ea8801b3520,2-firexport_basic_1789247966014.csv,3,legacy,neighborhood,2,,True,,,True,2.282784064610799,,,,,,,,,
03320ea8801b3520,2-firexport_basic_1789247966014.csv,3,legacy,neighborhood,3,,True,,,False,1.6174529393513994,,,,,,,,,
03320ea8801b3520,2-firexport_basic_1789247966014.csv,3,legacy,neighborhood,4,,True,,,True,1.408846378326416,,,,,,,,,
03320ea8801b3520,2-firexport_basic_1789247966014.csv,3,legacy,neighborhood,5,,True,,,False,1.1969769795735674,,,,,,,,,
041e22a11fbb2bb6,2-firexport_basic_1789247966014.csv,4,legacy,spv_mia,0,,False,,,True,-0.00014803595480089853,,,,,,,,,
041e22a11fbb2bb6,2-firexport_basic_1789247966014.csv,4,legacy,spv_mia,1,,False,,,False,-0.00012413794873111263,,,,,,,,,
041e22a11fbb2bb6,2-firexport_basic_1789247966014.csv,4,legacy,spv_mia,2,,True,,,True,0.0006063986334138151,,,,,,,,,
041e22a11fbb2bb6,2-firexport_basic_1789247966014.csv,4,legacy,spv_mia,3,,True,,,False,6.000327210757507e-05,,,,,,,,,
041e22a11fbb2bb6,2-firexport_basic_1789247966014.csv,4,legacy,spv_mia,4,,True,,,True,0.0011337220157033607,,,,,,,,,
041e22a11fbb2bb6,2-firexport_basic_1789247966014.csv,4,legacy,spv_mia,5,,True,,,False,0.00020184570175202365,,,,,,,,,
04cd7a737ebbbb1d,2-firexport_basic_1789247966014.csv,5,legacy,min_k,0,,False,,,True,-7.609909176826477,,,,,,,,,
04cd7a737ebbbb1d,2-firexport_basic_1789247966014.csv,5,legacy,min_k,1,,False,,,False,-8.06842815876007,,,,,,,,,
04cd7a737ebbbb1d,2-firexport_basic_1789247966014.csv,5,legacy,min_k,2,,False,,,True,-9.830789883931478,,,,,,,,,
04cd7a737ebbbb1d,2-firexport_basic_1789247966014.csv,5,legacy,min_k,3,,False,,,False,-9.905380090077719,,,,,,,,,
04cd7a737ebbbb1d,2-firexport_basic_1789247966014.csv,5,legacy,min_k,4,,False,,,True,-9.170485496520996,,,,,,,,,
04cd7a737ebbbb1d,2-firexport_basic_1789247966014.csv,5,legacy,min_k,5,,False,,,False,-9.367162545522055,,,,,,,,,
09f8a9ae0eae5e6a,2-firexport_basic_1789247966014.csv,6,legacy,zlib,0,,False,,,True,-0.00596396813447448,,,,,,,,,
09f8a9ae0eae5e6a,2-firexport_basic_1789247966014.csv,6,legacy,zlib,1,,False,,,False,-0.006185905686740218,,,,,,,,,
09f8a9ae0eae5e6a,2-firexport_basic_1789247966014.csv,6,legacy,zlib,2,,False,,,True,-0.0085056635397899,,,,,,,,,
09f8a9ae0eae5e6a,2-firexport_basic_1789247966014.csv,6,legacy,zlib,3,,False,,,False,-0.009031727344174928,,,,,,,,,
09f8a9ae0eae5e6a,2-firexport_basic_1789247966014.csv,6,legacy,zlib,4,,True,,,True,-0.005041010563190167,,,,,,,,,
09f8a9ae0eae5e6a,2-firexport_basic_1789247966014.csv,6,legacy,zlib,5,,True,,,False,-0.005212997931700486,,,,,,,,,
0b67fef78c1b2162,2-firexport_basic_1789247966014.csv,7,legacy,reference,0,,True,,,True,0.42052745819091797,,,,,,,,,
0b67fef78c1b2162,2-firexport_basic_1789247966014.csv,7,legacy,reference,1,,False,,,False,0.2002115249633789,,,,,,,,,
0b67fef78c1b2162,2-firexport_basic_1789247966014.csv,7,legacy,reference,2,,False,,,True,0.20592164993286133,,,,,,,,,
0b67fef78c1b2162,2-firexport_basic_1789247966014.csv,7,legacy,reference,3,,False,,,False,0.035138607025146484,,,,,,,,,
0b67fef78c1b2162,2-firexport_basic_1789247966014.csv,7,legacy,reference,4,,True,,,True,0.43384313583374023,,,,,,,,,
0b67fef78c1b2162,2-firexport_basic_1789247966014.csv,7,legacy,reference,5,,False,,,False,0.09463214874267578,,,,,,,,,
0b8f0f4299f53748,2-firexport_basic_1789247966014.csv,8,legacy,reference,0,,True,,,True,0.5066671371459961,,,,,,,,,
0b8f0f4299f53748,2-firexport_basic_1789247966014.csv,8,legacy,reference,1,,True,,,False,0.315518856048584,,,,,,,,,
0b8f0f4299f53748,2-firexport_basic_1789247966014.csv,8,legacy,reference,2,,True,,,True,0.42071962356567383,,,,,,,,,
0b8f0f4299f53748,2-firexport_basic_1789247966014.csv,8,legacy,reference,3,,True,,,False,0.2510514259338379,,,,,,,,,
0b8f0f4299f53748,2-firexport_basic_1789247966014.csv,8,legacy,reference,4,,True,,,True,0.3912625312805176,,,,,,,,,
0b8f0f4299f53748,2-firexport_basic_1789247966014.csv,8,legacy,reference,5,,False,,,False,0.18953227996826172,,,,,,,,,
0bee47c53e33d7c0,2-firexport_basic_1789247966014.csv,9,legacy,neighborhood,0,,True,,,True,1.1230220794677734,,,,,,,,,
0bee47c53e33d7c0,2-firexport_basic_1789247966014.csv,9,legacy,neighborhood,1,,True,,,False,1.0284099578857422,,,,,,,,,
0bee47c53e33d7c0,2-firexport_basic_1789247966014.csv,9,legacy,neighborhood,2,,True,,,True,0.5461947123209638,,,,,,,,,
0bee47c53e33d7c0,2-firexport_basic_1789247966014.csv,9,legacy,neighborhood,3,,True,,,False,0.43906156222025583,,,,,,,,,
0bee47c53e33d7c0,2-firexport_basic_1789247966014.csv,9,legacy,neighborhood,4,,True,,,True,0.43921987215677927,,,,,,,,,
0bee47c53e33d7c0,2-firexport_basic_1789247966014.csv,9,legacy,neighborhood,5,,True,,,False,0.3374336560567217,,,,,,,,,
0c354554872f972f,2-firexport_basic_1789247966014.csv,10,legacy,reference,0,,False,,,True,0.14963412284851074,,,,,,,,,
0c354554872f972f,2-firexport_basic_1789247966014.csv,10,legacy,reference,1,,False,,,False,0.029166221618652344,,,,,,,,,
0c354554872f972f,2-firexport_basic_1789247966014.csv,10,legacy,reference,2,,False,,,True,0.19881582260131836,,,,,,,,,
0c354554872f972f,2-firexport_basic_1789247966014.csv,10,legacy,reference,3,,False,,,False,0.022505760192871094,,,,,,,,,
0c354554872f972f,2-firexport_basic_1789247966014.csv,10,legacy,reference,4,,False,,,True,0.21440863609313965,,,,,,,,,
0c354554872f972f,2-firexport_basic_1789247966014.csv,10,legacy,reference,5,,False,,,False,0.1074991226196289,,,,,,,,,
0cb8a77d9f76851e,2-firexport_basic_1789247966014.csv,12,legacy,min_k_plus_plus,0,,True,,,True,-1.0603053690468427,,,,,,,,,
0cb8a77d9f76851e,2-firexport_basic_1789247966014.csv,12,legacy,min_k_plus_plus,1,,True,,,False,-1.1119766865069225,,,,,,,,,
0cb8a77d9f76851e,2-firexport_basic_1789247966014.csv,12,legacy,min_k_plus_plus,2,,True,,,True,-1.8605749345822573,,,,,,,,,
0cb8a77d9f76851e,2-firexport_basic_1789247966014.csv,12,legacy,min_k_plus_plus,3,,True,,,False,-2.136663683037726,,,,,,,,,
0cb8a77d9f76851e,2-firexport_basic_1789247966014.csv,12,legacy,min_k_plus_plus,4,,True,,,True,-1.5609001532503994,,,,,,,,,
0cb8a77d9f76851e,2-firexport_basic_1789247966014.csv,12,legacy,min_k_plus_plus,5,,True,,,False,-1.6498701984335937,,,,,,,,,
0f6b99dd08d56ce5,2-firexport_basic_1789247966014.csv,14,legacy,min_k_plus_plus,0,,True,,,True,-0.8553951651183269,,,,,,,,,
0f6b99dd08d56ce5,2-firexport_basic_1789247966014.csv,14,legacy,min_k_plus_plus,1,,True,,,False,-1.0100681677662826,,,,,,,,,
0f6b99dd08d56ce5,2-firexport_basic_1789247966014.csv,14,legacy,min_k_plus_plus,2,,True,,,True,-1.1897962655960206,,,,,,,,,
0f6b99dd08d56ce5,2-firexport_basic_1789247966014.csv,14,legacy,min_k_plus_plus,3,,True,,,False,-1.2437646669570837,,,,,,,,,
0f6b99dd08d56ce5,2-firexport_basic_1789247966014.csv,14,legacy,min_k_plus_plus,4,,True,,,True,-1.9981574868642415,,,,,,,,,
0f6b99dd08d56ce5,2-firexport_basic_1789247966014.csv,14,legacy,min_k_plus_plus,5,,True,,,False,-2.250631636123602,,,,,,,,,
0fb07ce5f553ac7c,2-firexport_basic_1789247966014.csv,15,legacy,samia,0,,False,,,True,0.15942028985507248,,,,,,,,,
0fb07ce5f553ac7c,2-firexport_basic_1789247966014.csv,15,legacy,samia,1,,False,,,False,0.21739130434782608,,,,,,,,,
0fb07ce5f553ac7c,2-firexport_basic_1789247966014.csv,15,legacy,samia,2,,False,,,True,0.3333333333333333,,,,,,,,,
0fb07ce5f553ac7c,2-firexport_basic_1789247966014.csv,15,legacy,samia,3,,False,,,False,0.21212121212121215,,,,,,,,,
0fb07ce5f553ac7c,2-firexport_basic_1789247966014.csv,15,legacy,samia,4,,False,,,True,0.17361111111111108,,,,,,,,,
0fb07ce5f553ac7c,2-firexport_basic_1789247966014.csv,15,legacy,samia,5,,False,,,False,0.19444444444444445,,,,,,,,,
102f48588eb27581,2-firexport_basic_1789247966014.csv,16,legacy,samia,0,,False,,,True,0.047619047619047616,,,,,,,,,
102f48588eb27581,2-firexport_basic_1789247966014.csv,16,legacy,samia,1,,False,,,False,0,,,,,,,,,
102f48588eb27581,2-firexport_basic_1789247966014.csv,16,legacy,samia,2,,False,,,True,0,,,,,,,,,
102f48588eb27581,2-firexport_basic_1789247966014.csv,16,legacy,samia,3,,False,,,False,0,,,,,,,,,
102f48588eb27581,2-firexport_basic_1789247966014.csv,16,legacy,samia,4,,False,,,True,0,,,,,,,,,
102f48588eb27581,2-firexport_basic_1789247966014.csv,16,legacy,samia,5,,False,,,False,0.027777777777777776,,,,,,,,,
119a5733930b1681,2-firexport_basic_1789247966014.csv,17,legacy,recall,0,,True,,,True,1.2062671509974074,,,,,,,,,
119a5733930b1681,2-firexport_basic_1789247966014.csv,17,legacy,recall,1,,True,,,False,1.192738459523931,,,,,,,,,
119a5733930b1681,2-firexport_basic_1789247966014.csv,17,legacy,recall,2,,True,,,True,1.1101529621845654,,,,,,,,,
119a5733930b1681,2-firexport_basic_1789247966014.csv,17,legacy,recall,3,,True,,,False,1.084857653276995,,,,,,,,,
119a5733930b1681,2-firexport_basic_1789247966014.csv,17,legacy,recall,4,,False,,,True,1.0286131356033121,,,,,,,,,
119a5733930b1681,2-firexport_basic_1789247966014.csv,17,legacy,recall,5,,False,,,False,1.0251617774824369,,,,,,,,,
13034902093c0819,2-firexport_basic_1789247966014.csv,18,legacy,zlib,0,,False,,,True,-0.006001546465117356,,,,,,,,,
13034902093c0819,2-firexport_basic_1789247966014.csv,18,legacy,zlib,1,,False,,,False,-0.0061900053901233895,,,,,,,,,
13034902093c0819,2-firexport_basic_1789247966014.csv,18,legacy,zlib,2,,False,,,True,-0.008544532558586023,,,,,,,,,
13034902093c0819,2-firexport_basic_1789247966014.csv,18,legacy,zlib,3,,False,,,False,-0.009031381788133066,,,,,,,,,
13034902093c0819,2-firexport_basic_1789247966014.csv,18,legacy,zlib,4,,True,,,True,-0.005037338000077468,,,,,,,,,
13034902093c0819,2-firexport_basic_1789247966014.csv,18,legacy,zlib,5,,True,,,False,-0.005217392169512235,,,,,,,,,
14a08d47f9c5e4bf,2-firexport_basic_1789247966014.csv,19,legacy,reference,0,,True,,,True,0.43369197845458984,,,,,,,,,
14a08d47f9c5e4bf,2-firexport_basic_1789247966014.csv,19,legacy,reference,1,,False,,,False,0.019636154174804688,,,,,,,,,
14a08d47f9c5e4bf,2-firexport_basic_1789247966014.csv,19,legacy,reference,2,,True,,,True,0.29786109924316406,,,,,,,,,
14a08d47f9c5e4bf,2-firexport_basic_1789247966014.csv,19,legacy,reference,3,,False,,,False,0.03578042984008789,,,,,,,,,
14a08d47f9c5e4bf,2-firexport_basic_1789247966014.csv,19,legacy,reference,4,,True,,,True,0.3804764747619629,,,,,,,,,
14a08d47f9c5e4bf,2-firexport_basic_1789247966014.csv,19,legacy,reference,5,,False,,,False,0.12077760696411133,,,,,,,,,
160b73ff70a971b9,2-firexport_basic_1789247966014.csv,20,legacy,min_k,0,,False,,,True,-9.63105821609497,,,,,,,,,
160b73ff70a971b9,2-firexport_basic_1789247966014.csv,20,legacy,min_k,1,,False,,,False,-9.900248527526855,,,,,,,,,
160b73ff70a971b9,2-firexport_basic_1789247966014.csv,20,legacy,min_k,2,,False,,,True,-9.364474773406982,,,,,,,,,
160b73ff70a971b9,2-firexport_basic_1789247966014.csv,20,legacy,min_k,3,,False,,,False,-9.640816497802735,,,,,,,,,
160b73ff70a971b9,2-firexport_basic_1789247966014.csv,20,legacy,min_k,4,,False,,,True,-9.085870385169983,,,,,,,,,
160b73ff70a971b9,2-firexport_basic_1789247966014.csv,20,legacy,min_k,5,,False,,,False,-9.523898959159851,,,,,,,,,
16ac43a8590d5b77,2-firexport_basic_1789247966014.csv,21,legacy,neighborhood,0,,True,,,True,2.347519079844157,,,,,,,,,
16ac43a8590d5b77,2-firexport_basic_1789247966014.csv,21,legacy,neighborhood,1,,True,,,False,2.103497902552287,,,,,,,,,
16ac43a8590d5b77,2-firexport_basic_1789247966014.csv,21,legacy,neighborhood,2,,True,,,True,0.9236257870992022,,,,,,,,,
16ac43a8590d5b77,2-firexport_basic_1789247966014.csv,21,legacy,neighborhood,3,,True,,,False,0.9033459027608233,,,,,,,,,
16ac43a8590d5b77,2-firexport_basic_1789247966014.csv,21,legacy,neighborhood,4,,True,,,True,1.241315682729085,,,,,,,,,
16ac43a8590d5b77,2-firexport_basic_1789247966014.csv,21,legacy,neighborhood,5,,True,,,False,1.0502327283223467,,,,,,,,,
16b35ad50ca20c3e,2-firexport_basic_1789247966014.csv,22,legacy,zlib,0,,False,,,True,-0.006010436463630062,,,,,,,,,
16b35ad50ca20c3e,2-firexport_basic_1789247966014.csv,22,legacy,zlib,1,,False,,,False,-0.006095573819916824,,,,,,,,,
16b35ad50ca20c3e,2-firexport_basic_1789247966014.csv,22,legacy,zlib,2,,False,,,True,-0.008830159525328044,,,,,,,,,
16b35ad50ca20c3e,2-firexport_basic_1789247966014.csv,22,legacy,zlib,3,,False,,,False,-0.008965614475781404,,,,,,,,,
16b35ad50ca20c3e,2-firexport_basic_1789247966014.csv,22,legacy,zlib,4,,True,,,True,-0.005152452450532179,,,,,,,,,
16b35ad50ca20c3e,2-firexport_basic_1789247966014.csv,22,legacy,zlib,5,,True,,,False,-0.005207375838206365,,,,,,,,,
16f38fbb51f4e828,2-firexport_basic_1789247966014.csv,23,legacy,recall,0,,True,,,True,1.2978773211240762,,,,,,,,,
16f38fbb51f4e828,2-firexport_basic_1789247966014.csv,23,legacy,recall,1,,True,,,False,1.225306396736264,,,,,,,,,
16f38fbb51f4e828,2-firexport_basic_1789247966014.csv,23,legacy,recall,2,,True,,,True,1.2468575113928448,,,,,,,,,
16f38fbb51f4e828,2-firexport_basic_1789247966014.csv,23,legacy,recall,3,,True,,,False,1.1307790382493164,,,,,,,,,
16f38fbb51f4e828,2-firexport_basic_1789247966014.csv,23,legacy,recall,4,,True,,,True,1.0585598147926365,,,,,,,,,
16f38fbb51f4e828,2-firexport_basic_1789247966014.csv,23,legacy,recall,5,,False,,,False,1.0331281665962089,,,,,,,,,
179d510029a169c1,2-firexport_basic_1789247966014.csv,24,legacy,wbc,0,,True,,,True,0.9705882352941176,,,,,,,,,
179d510029a169c1,2-firexport_basic_1789247966014.csv,24,legacy,wbc,1,,False,,,False,0.6617647058823529,,,,,,,,,
179d510029a169c1,2-firexport_basic_1789247966014.csv,24,legacy,wbc,2,,True,,,True,1,,,,,,,,,
179d510029a169c1,2-firexport_basic_1789247966014.csv,24,legacy,wbc,3,,True,,,False,0.8983050847457628,,,,,,,,,
179d510029a169c1,2-firexport_basic_1789247966014.csv,24,legacy,wbc,4,,True,,,True,0.9481132075471698,,,,,,,,,
179d510029a169c1,2-firexport_basic_1789247966014.csv,24,legacy,wbc,5,,False,,,False,0.7358490566037735,,,,,,,,,
1a20f99d63af6ff2,2-firexport_basic_1789247966014.csv,25,legacy,spv_mia,0,,True,,,True,0.0009506219536784752,,,,,,,,,
1a20f99d63af6ff2,2-firexport_basic_1789247966014.csv,25,legacy,spv_mia,1,,True,,,False,0.00029174148690191016,,,,,,,,,
1a20f99d63af6ff2,2-firexport_basic_1789247966014.csv,25,legacy,spv_mia,2,,True,,,True,0.00037785646164007836,,,,,,,,,
1a20f99d63af6ff2,2-firexport_basic_1789247966014.csv,25,legacy,spv_mia,3,,True,,,False,0.00018797542738664165,,,,,,,,,
1a20f99d63af6ff2,2-firexport_basic_1789247966014.csv,25,legacy,spv_mia,4,,True,,,True,0.00016104681543759568,,,,,,,,,
1a20f99d63af6ff2,2-firexport_basic_1789247966014.csv,25,legacy,spv_mia,5,,True,,,False,8.250430955810198e-05,,,,,,,,,
1d8c20434a7879c7f6ac771d,2-firexport_basic_1789247966014.csv,27,legacy,amia,0,,True,,,True,23.423059463500977,,4,,,,,,,
1d8c20434a7879c7f6ac771d,2-firexport_basic_1789247966014.csv,27,legacy,amia,1,,False,,,False,0,,4,,,,,,,
1d8c20434a7879c7f6ac771d,2-firexport_basic_1789247966014.csv,27,legacy,amia,2,,True,,,True,23.423059463500977,,4,,,,,,,
1d8c20434a7879c7f6ac771d,2-firexport_basic_1789247966014.csv,27,legacy,amia,3,,False,,,False,0,,4,,,,,,,
1d8c20434a7879c7f6ac771d,2-firexport_basic_1789247966014.csv,27,legacy,amia,4,,True,,,True,23.423059463500977,,4,,,,,,,
1d8c20434a7879c7f6ac771d,2-firexport_basic_1789247966014.csv,27,legacy,amia,5,,False,,,False,0,,4,,,,,,,
1df9670e9205e72c,2-firexport_basic_1789247966014.csv,28,legacy,samia,0,,False,,,True,0.23809523809523805,,,,,,,,,
1df9670e9205e72c,2-firexport_basic_1789247966014.csv,28,legacy,samia,1,,False,,,False,0.14285714285714285,,,,,,,,,
1df9670e9205e72c,2-firexport_basic_1789247966014.csv,28,legacy,samia,2,,False,,,True,0.06666666666666667,,,,,,,,,
1df9670e9205e72c,2-firexport_basic_1789247966014.csv,28,legacy,samia,3,,False,,,False,0,,,,,,,,,
1df9670e9205e72c,2-firexport_basic_1789247966014.csv,28,legacy,samia,4,,False,,,True,0.1111111111111111,,,,,,,,,
1df9670e9205e72c,2-firexport_basic_1789247966014.csv,28,legacy,samia,5,,False,,,False,0.16666666666666666,,,,,,,,,
1fb7d01bcddb94ea,2-firexport_basic_1789247966014.csv,29,legacy,reference,0,,False,,,True,0.14383697509765625,,,,,,,,,
1fb7d01bcddb94ea,2-firexport_basic_1789247966014.csv,29,legacy,reference,1,,False,,,False,0.011395931243896484,,,,,,,,,
1fb7d01bcddb94ea,2-firexport_basic_1789247966014.csv,29,legacy,reference,2,,True,,,True,0.36354541778564453,,,,,,,,,
1fb7d01bcddb94ea,2-firexport_basic_1789247966014.csv,29,legacy,reference,3,,False,,,False,0.1974163055419922,,,,,,,,,
1fb7d01bcddb94ea,2-firexport_basic_1789247966014.csv,29,legacy,reference,4,,True,,,True,0.32568788528442383,,,,,,,,,
1fb7d01bcddb94ea,2-firexport_basic_1789247966014.csv,29,legacy,reference,5,,False,,,False,0.03341388702392578,,,,,,,,,
1fd9c34f04de46c8,2-firexport_basic_1789247966014.csv,30,legacy,recall,0,,True,,,True,1.1175653755872907,,,,,,,,,
1fd9c34f04de46c8,2-firexport_basic_1789247966014.csv,30,legacy,recall,1,,True,,,False,1.105650109109013,,,,,,,,,
1fd9c34f04de46c8,2-firexport_basic_1789247966014.csv,30,legacy,recall,2,,True,,,True,1.0505981621088907,,,,,,,,,
1fd9c34f04de46c8,2-firexport_basic_1789247966014.csv,30,legacy,recall,3,,False,,,False,1.0432558657710553,,,,,,,,,
1fd9c34f04de46c8,2-firexport_basic_1789247966014.csv,30,legacy,recall,4,,False,,,True,0.8978468289210711,,,,,,,,,
1fd9c34f04de46c8,2-firexport_basic_1789247966014.csv,30,legacy,recall,5,,False,,,False,0.888250546692791,,,,,,,,,
208e599e77e0bfd7,2-firexport_basic_1789247966014.csv,31,legacy,samia,0,,False,,,True,0.047619047619047616,,,,,,,,,
208e599e77e0bfd7,2-firexport_basic_1789247966014.csv,31,legacy,samia,1,,False,,,False,0,,,,,,,,,
208e599e77e0bfd7,2-firexport_basic_1789247966014.csv,31,legacy,samia,2,,False,,,True,0,,,,,,,,,
208e599e77e0bfd7,2-firexport_basic_1789247966014.csv,31,legacy,samia,3,,False,,,False,0,,,,,,,,,
208e599e77e0bfd7,2-firexport_basic_1789247966014.csv,31,legacy,samia,4,,False,,,True,0,,,,,,,,,
208e599e77e0bfd7,2-firexport_basic_1789247966014.csv,31,legacy,samia,5,,False,,,False,0.027777777777777776,,,,,,,,,
20f5e4fa67138559,2-firexport_basic_1789247966014.csv,32,legacy,recall,0,,True,,,True,1.1375756685318033,,,,,,,,,
20f5e4fa67138559,2-firexport_basic_1789247966014.csv,32,legacy,recall,1,,True,,,False,1.1314699291300832,,,,,,,,,
20f5e4fa67138559,2-firexport_basic_1789247966014.csv,32,legacy,recall,2,,True,,,True,1.1090080266360158,,,,,,,,,
20f5e4fa67138559,2-firexport_basic_1789247966014.csv,32,legacy,recall,3,,True,,,False,1.1035382927292205,,,,,,,,,
20f5e4fa67138559,2-firexport_basic_1789247966014.csv,32,legacy,recall,4,,True,,,True,1.140835150848076,,,,,,,,,
20f5e4fa67138559,2-firexport_basic_1789247966014.csv,32,legacy,recall,5,,True,,,False,1.1166746777939578,,,,,,,,,
2243686f5d8dab70,2-firexport_basic_1789247966014.csv,34,legacy,recall,0,,True,,,True,1.371175660288289,,,,,,,,,
2243686f5d8dab70,2-firexport_basic_1789247966014.csv,34,legacy,recall,1,,True,,,False,1.2633647139770263,,,,,,,,,
2243686f5d8dab70,2-firexport_basic_1789247966014.csv,34,legacy,recall,2,,True,,,True,1.2480648701914219,,,,,,,,,
2243686f5d8dab70,2-firexport_basic_1789247966014.csv,34,legacy,recall,3,,True,,,False,1.1389862950325174,,,,,,,,,
2243686f5d8dab70,2-firexport_basic_1789247966014.csv,34,legacy,recall,4,,True,,,True,1.0767912866007636,,,,,,,,,
2243686f5d8dab70,2-firexport_basic_1789247966014.csv,34,legacy,recall,5,,False,,,False,1.0297263681366167,,,,,,,,,
281526aa22863541,2-firexport_basic_1789247966014.csv,35,legacy,reference,0,,True,,,True,0.4152259826660156,,,,,,,,,
281526aa22863541,2-firexport_basic_1789247966014.csv,35,legacy,reference,1,,False,,,False,0.21668004989624023,,,,,,,,,
281526aa22863541,2-firexport_basic_1789247966014.csv,35,legacy,reference,2,,True,,,True,0.4342222213745117,,,,,,,,,
281526aa22863541,2-firexport_basic_1789247966014.csv,35,legacy,reference,3,,False,,,False,0.21611309051513672,,,,,,,,,
281526aa22863541,2-firexport_basic_1789247966014.csv,35,legacy,reference,4,,True,,,True,0.4788174629211426,,,,,,,,,
281526aa22863541,2-firexport_basic_1789247966014.csv,35,legacy,reference,5,,False,,,False,0.21793746948242188,,,,,,,,,
28a5aec0fb1e81f3,2-firexport_basic_1789247966014.csv,36,legacy,recall,0,,True,,,True,1.2517910335862044,,,,,,,,,
28a5aec0fb1e81f3,2-firexport_basic_1789247966014.csv,36,legacy,recall,1,,True,,,False,1.205445994575256,,,,,,,,,
28a5aec0fb1e81f3,2-firexport_basic_1789247966014.csv,36,legacy,recall,2,,True,,,True,1.2145485954493418,,,,,,,,,
28a5aec0fb1e81f3,2-firexport_basic_1789247966014.csv,36,legacy,recall,3,,True,,,False,1.1975072812414178,,,,,,,,,
28a5aec0fb1e81f3,2-firexport_basic_1789247966014.csv,36,legacy,recall,4,,True,,,True,1.1202186187215075,,,,,,,,,
28a5aec0fb1e81f3,2-firexport_basic_1789247966014.csv,36,legacy,recall,5,,True,,,False,1.0993083874749392,,,,,,,,,
2955a5d2d66a1ab9,2-firexport_basic_1789247966014.csv,37,legacy,min_k_plus_plus,0,,True,,,True,-1.6733458862676243,,,,,,,,,
2955a5d2d66a1ab9,2-firexport_basic_1789247966014.csv,37,legacy,min_k_plus_plus,1,,True,,,False,-1.795209359501241,,,,,,,,,
2955a5d2d66a1ab9,2-firexport_basic_1789247966014.csv,37,legacy,min_k_plus_plus,2,,True,,,True,-1.6108382905205918,,,,,,,,,
2955a5d2d66a1ab9,2-firexport_basic_1789247966014.csv,37,legacy,min_k_plus_plus,3,,True,,,False,-1.7327643412457492,,,,,,,,,
2955a5d2d66a1ab9,2-firexport_basic_1789247966014.csv,37,legacy,min_k_plus_plus,4,,True,,,True,-2.7242591917022705,,,,,,,,,
2955a5d2d66a1ab9,2-firexport_basic_1789247966014.csv,37,legacy,min_k_plus_plus,5,,False,,,False,-4.316378216103698,,,,,,,,,
2984aad579d0a8a6,2-firexport_basic_1789247966014.csv,38,legacy,min_k,0,,False,,,True,-8.09785532951355,,,,,,,,,
2984aad579d0a8a6,2-firexport_basic_1789247966014.csv,38,legacy,min_k,1,,False,,,False,-8.492825984954834,,,,,,,,,
2984aad579d0a8a6,2-firexport_basic_1789247966014.csv,38,legacy,min_k,2,,False,,,True,-8.783111572265625,,,,,,,,,
2984aad579d0a8a6,2-firexport_basic_1789247966014.csv,38,legacy,min_k,3,,False,,,False,-9.437994639078775,,,,,,,,,
2984aad579d0a8a6,2-firexport_basic_1789247966014.csv,38,legacy,min_k,4,,False,,,True,-9.40210485458374,,,,,,,,,
2984aad579d0a8a6,2-firexport_basic_1789247966014.csv,38,legacy,min_k,5,,False,,,False,-9.978917360305786,,,,,,,,,
29c7d47ee1f0c9c3,2-firexport_basic_1789247966014.csv,39,legacy,wbc,0,,True,,,True,0.9897540983606558,,,,,,,,,
29c7d47ee1f0c9c3,2-firexport_basic_1789247966014.csv,39,legacy,wbc,1,,True,,,False,0.9180327868852459,,,,,,,,,
29c7d47ee1f0c9c3,2-firexport_basic_1789247966014.csv,39,legacy,wbc,2,,True,,,True,0.9979508196721312,,,,,,,,,
29c7d47ee1f0c9c3,2-firexport_basic_1789247966014.csv,39,legacy,wbc,3,,True,,,False,0.7971311475409836,,,,,,,,,
29c7d47ee1f0c9c3,2-firexport_basic_1789247966014.csv,39,legacy,wbc,4,,True,,,True,0.9959016393442623,,,,,,,,,
29c7d47ee1f0c9c3,2-firexport_basic_1789247966014.csv,39,legacy,wbc,5,,False,,,False,0.6864754098360656,,,,,,,,,
2bcab4242cf11020,2-firexport_basic_1789247966014.csv,41,legacy,neighborhood,0,,True,,,True,1.943448781967163,,,,,,,,,
2bcab4242cf11020,2-firexport_basic_1789247966014.csv,41,legacy,neighborhood,1,,True,,,False,1.7590754826863604,,,,,,,,,
2bcab4242cf11020,2-firexport_basic_1789247966014.csv,41,legacy,neighborhood,2,,True,,,True,1.6011583805084229,,,,,,,,,
2bcab4242cf11020,2-firexport_basic_1789247966014.csv,41,legacy,neighborhood,3,,True,,,False,1.4702973365783691,,,,,,,,,
2bcab4242cf11020,2-firexport_basic_1789247966014.csv,41,legacy,neighborhood,4,,True,,,True,2.208199818929036,,,,,,,,,
2bcab4242cf11020,2-firexport_basic_1789247966014.csv,41,legacy,neighborhood,5,,True,,,False,1.9336858590443926,,,,,,,,,
2d469e2f9d26f05e,2-firexport_basic_1789247966014.csv,42,legacy,min_k,0,,False,,,True,-8.300446391105652,,,,,,,,,
2d469e2f9d26f05e,2-firexport_basic_1789247966014.csv,42,legacy,min_k,1,,False,,,False,-8.434499740600586,,,,,,,,,
2d469e2f9d26f05e,2-firexport_basic_1789247966014.csv,42,legacy,min_k,2,,False,,,True,-9.003712972005209,,,,,,,,,
2d469e2f9d26f05e,2-firexport_basic_1789247966014.csv,42,legacy,min_k,3,,False,,,False,-9.380434036254883,,,,,,,,,
2d469e2f9d26f05e,2-firexport_basic_1789247966014.csv,42,legacy,min_k,4,,False,,,True,-9.698354363441467,,,,,,,,,
2d469e2f9d26f05e,2-firexport_basic_1789247966014.csv,42,legacy,min_k,5,,False,,,False,-9.937199771404266,,,,,,,,,
2d8874bb1c79082a,2-firexport_basic_1789247966014.csv,43,legacy,neighborhood,0,,True,,,True,1.9336129029591875,,,,,,,,,
2d8874bb1c79082a,2-firexport_basic_1789247966014.csv,43,legacy,neighborhood,1,,True,,,False,1.8039638996124268,,,,,,,,,
2d8874bb1c79082a,2-firexport_basic_1789247966014.csv,43,legacy,neighborhood,2,,True,,,True,1.4274726708730059,,,,,,,,,
2d8874bb1c79082a,2-firexport_basic_1789247966014.csv,43,legacy,neighborhood,3,,True,,,False,1.3870969613393145,,,,,,,,,
2d8874bb1c79082a,2-firexport_basic_1789247966014.csv,43,legacy,neighborhood,4,,True,,,True,1.25098975499471,,,,,,,,,
2d8874bb1c79082a,2-firexport_basic_1789247966014.csv,43,legacy,neighborhood,5,,True,,,False,1.2384319305419922,,,,,,,,,
2dad5a7588c051bb,2-firexport_basic_1789247966014.csv,44,legacy,recall,0,,True,,,True,1.433489393369126,,,,,,,,,
2dad5a7588c051bb,2-firexport_basic_1789247966014.csv,44,legacy,recall,1,,True,,,False,1.3925363588694923,,,,,,,,,
2dad5a7588c051bb,2-firexport_basic_1789247966014.csv,44,legacy,recall,2,,True,,,True,1.1368186225708292,,,,,,,,,
2dad5a7588c051bb,2-firexport_basic_1789247966014.csv,44,legacy,recall,3,,True,,,False,1.1262065129280983,,,,,,,,,
2dad5a7588c051bb,2-firexport_basic_1789247966014.csv,44,legacy,recall,4,,True,,,True,1.1630909123294504,,,,,,,,,
2dad5a7588c051bb,2-firexport_basic_1789247966014.csv,44,legacy,recall,5,,True,,,False,1.1449308496126858,,,,,,,,,
300ed6c5048eb35a,2-firexport_basic_1789247966014.csv,45,legacy,wbc,0,,True,,,True,1,,,,,,,,,
300ed6c5048eb35a,2-firexport_basic_1789247966014.csv,45,legacy,wbc,1,,True,,,False,0.9743589743589743,,,,,,,,,
300ed6c5048eb35a,2-firexport_basic_1789247966014.csv,45,legacy,wbc,2,,True,,,True,0.8813559322033898,,,,,,,,,
300ed6c5048eb35a,2-firexport_basic_1789247966014.csv,45,legacy,wbc,3,,False,,,False,0.559322033898305,,,,,,,,,
300ed6c5048eb35a,2-firexport_basic_1789247966014.csv,45,legacy,wbc,4,,True,,,True,1,,,,,,,,,
300ed6c5048eb35a,2-firexport_basic_1789247966014.csv,45,legacy,wbc,5,,True,,,False,0.9322033898305084,,,,,,,,,
3251fbafe7b2f6b5,2-firexport_basic_1789247966014.csv,47,legacy,reference,0,,False,,,True,0.23290205001831055,,,,,,,,,
3251fbafe7b2f6b5,2-firexport_basic_1789247966014.csv,47,legacy,reference,1,,False,,,False,0.036075592041015625,,,,,,,,,
3251fbafe7b2f6b5,2-firexport_basic_1789247966014.csv,47,legacy,reference,2,,False,,,True,0.20043611526489258,,,,,,,,,
3251fbafe7b2f6b5,2-firexport_basic_1789247966014.csv,47,legacy,reference,3,,False,,,False,0.03007793426513672,,,,,,,,,
3251fbafe7b2f6b5,2-firexport_basic_1789247966014.csv,47,legacy,reference,4,,True,,,True,0.2759428024291992,,,,,,,,,
3251fbafe7b2f6b5,2-firexport_basic_1789247966014.csv,47,legacy,reference,5,,False,,,False,0.05155372619628906,,,,,,,,,
32b3f6ef369342b2,2-firexport_basic_1789247966014.csv,48,legacy,min_k_plus_plus,0,,True,,,True,-1.2730698690759419,,,,,,,,,
32b3f6ef369342b2,2-firexport_basic_1789247966014.csv,48,legacy,min_k_plus_plus,1,,True,,,False,-1.4190039192892008,,,,,,,,,
32b3f6ef369342b2,2-firexport_basic_1789247966014.csv,48,legacy,min_k_plus_plus,2,,True,,,True,-1.4726743659386712,,,,,,,,,
32b3f6ef369342b2,2-firexport_basic_1789247966014.csv,48,legacy,min_k_plus_plus,3,,True,,,False,-1.6731711410752332,,,,,,,,,
32b3f6ef369342b2,2-firexport_basic_1789247966014.csv,48,legacy,min_k_plus_plus,4,,True,,,True,-1.1853707000492602,,,,,,,,,
32b3f6ef369342b2,2-firexport_basic_1789247966014.csv,48,legacy,min_k_plus_plus,5,,True,,,False,-1.3887462612028534,,,,,,,,,
339513fa9b1dc95e,2-firexport_basic_1789247966014.csv,49,legacy,min_k_plus_plus,0,,True,,,True,-1.6029855911299713,,,,,,,,,
339513fa9b1dc95e,2-firexport_basic_1789247966014.csv,49,legacy,min_k_plus_plus,1,,True,,,False,-1.8069433319819908,,,,,,,,,
339513fa9b1dc95e,2-firexport_basic_1789247966014.csv,49,legacy,min_k_plus_plus,2,,True,,,True,-1.3119944126810712,,,,,,,,,
339513fa9b1dc95e,2-firexport_basic_1789247966014.csv,49,legacy,min_k_plus_plus,3,,True,,,False,-2.3788219692554393,,,,,,,,,
339513fa9b1dc95e,2-firexport_basic_1789247966014.csv,49,legacy,min_k_plus_plus,4,,True,,,True,-1.6433440764289886,,,,,,,,,
339513fa9b1dc95e,2-firexport_basic_1789247966014.csv,49,legacy,min_k_plus_plus,5,,True,,,False,-2.1792021651553735,,,,,,,,,
368dad2522884529,2-firexport_basic_1789247966014.csv,51,legacy,wbc,0,,True,,,True,0.8717948717948718,,,,,,,,,
368dad2522884529,2-firexport_basic_1789247966014.csv,51,legacy,wbc,1,,False,,,False,0.48717948717948717,,,,,,,,,
368dad2522884529,2-firexport_basic_1789247966014.csv,51,legacy,wbc,2,,True,,,True,1,,,,,,,,,
368dad2522884529,2-firexport_basic_1789247966014.csv,51,legacy,wbc,3,,True,,,False,1,,,,,,,,,
368dad2522884529,2-firexport_basic_1789247966014.csv,51,legacy,wbc,4,,True,,,True,0.9748953974895398,,,,,,,,,
368dad2522884529,2-firexport_basic_1789247966014.csv,51,legacy,wbc,5,,True,,,False,0.9497907949790795,,,,,,,,,
36e0075f036f003e,2-firexport_basic_1789247966014.csv,53,legacy,recall,0,,True,,,True,1.2161816782432446,,,,,,,,,
36e0075f036f003e,2-firexport_basic_1789247966014.csv,53,legacy,recall,1,,True,,,False,1.1907584249103895,,,,,,,,,
36e0075f036f003e,2-firexport_basic_1789247966014.csv,53,legacy,recall,2,,True,,,True,1.1403375469213386,,,,,,,,,
36e0075f036f003e,2-firexport_basic_1789247966014.csv,53,legacy,recall,3,,True,,,False,1.0985052278625922,,,,,,,,,
36e0075f036f003e,2-firexport_basic_1789247966014.csv,53,legacy,recall,4,,False,,,True,1.048163175782944,,,,,,,,,
36e0075f036f003e,2-firexport_basic_1789247966014.csv,53,legacy,recall,5,,False,,,False,1.0238679623837734,,,,,,,,,
3730b808fe928978,2-firexport_basic_1789247966014.csv,54,legacy,reference,0,,False,,,True,0.16954421997070312,,,,,,,,,
3730b808fe928978,2-firexport_basic_1789247966014.csv,54,legacy,reference,1,,False,,,False,-0.044077396392822266,,,,,,,,,
3730b808fe928978,2-firexport_basic_1789247966014.csv,54,legacy,reference,2,,True,,,True,0.48256587982177734,,,,,,,,,
3730b808fe928978,2-firexport_basic_1789247966014.csv,54,legacy,reference,3,,False,,,False,0.07681560516357422,,,,,,,,,
3730b808fe928978,2-firexport_basic_1789247966014.csv,54,legacy,reference,4,,True,,,True,0.25144481658935547,,,,,,,,,
3730b808fe928978,2-firexport_basic_1789247966014.csv,54,legacy,reference,5,,False,,,False,0.05962228775024414,,,,,,,,,
38d97562605d67d5,2-firexport_basic_1789247966014.csv,55,legacy,neighborhood,0,,True,,,True,0.704089879989624,,,,,,,,,
38d97562605d67d5,2-firexport_basic_1789247966014.csv,55,legacy,neighborhood,1,,True,,,False,0.6465791066487627,,,,,,,,,
38d97562605d67d5,2-firexport_basic_1789247966014.csv,55,legacy,neighborhood,2,,True,,,True,0.49340057373046875,,,,,,,,,
38d97562605d67d5,2-firexport_basic_1789247966014.csv,55,legacy,neighborhood,3,,True,,,False,0.46923394997914647,,,,,,,,,
38d97562605d67d5,2-firexport_basic_1789247966014.csv,55,legacy,neighborhood,4,,True,,,True,0.7284506162007651,,,,,,,,,
38d97562605d67d5,2-firexport_basic_1789247966014.csv,55,legacy,neighborhood,5,,True,,,False,0.7699616750081382,,,,,,,,,
39be70371663c0a36a171934,2-firexport_basic_1789247966014.csv,56,legacy,amia,0,,True,,,True,19.67990493774414,,4,,,,,,,
39be70371663c0a36a171934,2-firexport_basic_1789247966014.csv,56,legacy,amia,1,,False,,,False,0,,4,,,,,,,
39be70371663c0a36a171934,2-firexport_basic_1789247966014.csv,56,legacy,amia,2,,True,,,True,19.67990493774414,,4,,,,,,,
39be70371663c0a36a171934,2-firexport_basic_1789247966014.csv,56,legacy,amia,3,,False,,,False,0,,4,,,,,,,
39be70371663c0a36a171934,2-firexport_basic_1789247966014.csv,56,legacy,amia,4,,True,,,True,19.679903030395508,,4,,,,,,,
39be70371663c0a36a171934,2-firexport_basic_1789247966014.csv,56,legacy,amia,5,,False,,,False,0,,4,,,,,,,
401891d9556517ea,2-firexport_basic_1789247966014.csv,57,legacy,zlib,0,,False,,,True,-0.0058016407078710095,,,,,,,,,
401891d9556517ea,2-firexport_basic_1789247966014.csv,57,legacy,zlib,1,,False,,,False,-0.006220531874689563,,,,,,,,,
401891d9556517ea,2-firexport_basic_1789247966014.csv,57,legacy,zlib,2,,False,,,True,-0.008046564422076262,,,,,,,,,
401891d9556517ea,2-firexport_basic_1789247966014.csv,57,legacy,zlib,3,,False,,,False,-0.008979987494553192,,,,,,,,,
401891d9556517ea,2-firexport_basic_1789247966014.csv,57,legacy,zlib,4,,True,,,True,-0.004876397664730366,,,,,,,,,
401891d9556517ea,2-firexport_basic_1789247966014.csv,57,legacy,zlib,5,,True,,,False,-0.005215484820879423,,,,,,,,,
40b501523f057537,2-firexport_basic_1789247966014.csv,59,legacy,recall,0,,True,,,True,1.1172306959332994,,,,,,,,,
40b501523f057537,2-firexport_basic_1789247966014.csv,59,legacy,recall,1,,True,,,False,1.1089214490216512,,,,,,,,,
40b501523f057537,2-firexport_basic_1789247966014.csv,59,legacy,recall,2,,True,,,True,1.146529538300028,,,,,,,,,
40b501523f057537,2-firexport_basic_1789247966014.csv,59,legacy,recall,3,,True,,,False,1.131956242584113,,,,,,,,,
40b501523f057537,2-firexport_basic_1789247966014.csv,59,legacy,recall,4,,True,,,True,1.115109062254051,,,,,,,,,
40b501523f057537,2-firexport_basic_1789247966014.csv,59,legacy,recall,5,,True,,,False,1.1012045427633637,,,,,,,,,
40cbb4589b0ca113,2-firexport_basic_1789247966014.csv,60,legacy,wbc,0,,True,,,True,0.9358974358974359,,,,,,,,,
40cbb4589b0ca113,2-firexport_basic_1789247966014.csv,60,legacy,wbc,1,,False,,,False,0.2692307692307692,,,,,,,,,
40cbb4589b0ca113,2-firexport_basic_1789247966014.csv,60,legacy,wbc,2,,True,,,True,1,,,,,,,,,
40cbb4589b0ca113,2-firexport_basic_1789247966014.csv,60,legacy,wbc,3,,False,,,False,0.7288135593220338,,,,,,,,,
40cbb4589b0ca113,2-firexport_basic_1789247966014.csv,60,legacy,wbc,4,,True,,,True,0.9916317991631799,,,,,,,,,
40cbb4589b0ca113,2-firexport_basic_1789247966014.csv,60,legacy,wbc,5,,True,,,False,0.8577405857740585,,,,,,,,,
41295304ef7bd850,2-firexport_basic_1789247966014.csv,61,legacy,reference,0,,True,,,True,0.49855923652648926,,,,,,,,,
41295304ef7bd850,2-firexport_basic_1789247966014.csv,61,legacy,reference,1,,False,,,False,-0.10805368423461914,,,,,,,,,
41295304ef7bd850,2-firexport_basic_1789247966014.csv,61,legacy,reference,2,,True,,,True,1.6333837509155273,,,,,,,,,
41295304ef7bd850,2-firexport_basic_1789247966014.csv,61,legacy,reference,3,,False,,,False,0.2380509376525879,,,,,,,,,
41295304ef7bd850,2-firexport_basic_1789247966014.csv,61,legacy,reference,4,,True,,,True,0.7023205757141113,,,,,,,,,
41295304ef7bd850,2-firexport_basic_1789247966014.csv,61,legacy,reference,5,,False,,,False,0.08025646209716797,,,,,,,,,
43faa3e4394b9206,2-firexport_basic_1789247966014.csv,62,legacy,reference,0,,False,,,True,0.14962434768676758,,,,,,,,,
43faa3e4394b9206,2-firexport_basic_1789247966014.csv,62,legacy,reference,1,,False,,,False,-0.05655717849731445,,,,,,,,,
43faa3e4394b9206,2-firexport_basic_1789247966014.csv,62,legacy,reference,2,,True,,,True,0.46674442291259766,,,,,,,,,
43faa3e4394b9206,2-firexport_basic_1789247966014.csv,62,legacy,reference,3,,False,,,False,0.07988882064819336,,,,,,,,,
43faa3e4394b9206,2-firexport_basic_1789247966014.csv,62,legacy,reference,4,,True,,,True,0.27543210983276367,,,,,,,,,
43faa3e4394b9206,2-firexport_basic_1789247966014.csv,62,legacy,reference,5,,False,,,False,0.07371044158935547,,,,,,,,,
4455f280304a67b7,2-firexport_basic_1789247966014.csv,63,legacy,spv_mia,0,,True,,,True,0.0015286547529247234,,,,,,,,,
4455f280304a67b7,2-firexport_basic_1789247966014.csv,63,legacy,spv_mia,1,,False,,,False,-0.0004827361850800356,,,,,,,,,
4455f280304a67b7,2-firexport_basic_1789247966014.csv,63,legacy,spv_mia,2,,True,,,True,0.0010472154405342265,,,,,,,,,
4455f280304a67b7,2-firexport_basic_1789247966014.csv,63,legacy,spv_mia,3,,True,,,False,5.04596398069072e-05,,,,,,,,,
4455f280304a67b7,2-firexport_basic_1789247966014.csv,63,legacy,spv_mia,4,,True,,,True,0.0003619848961718833,,,,,,,,,
4455f280304a67b7,2-firexport_basic_1789247966014.csv,63,legacy,spv_mia,5,,True,,,False,9.40111951188696e-05,,,,,,,,,
4774edf1bf7a896a,2-firexport_basic_1789247966014.csv,64,legacy,min_k_plus_plus,0,,True,,,True,-1.1032538218203871,,,,,,,,,
4774edf1bf7a896a,2-firexport_basic_1789247966014.csv,64,legacy,min_k_plus_plus,1,,True,,,False,-1.1652446980768558,,,,,,,,,
4774edf1bf7a896a,2-firexport_basic_1789247966014.csv,64,legacy,min_k_plus_plus,2,,True,,,True,-1.0675721915359893,,,,,,,,,
4774edf1bf7a896a,2-firexport_basic_1789247966014.csv,64,legacy,min_k_plus_plus,3,,True,,,False,-1.1398914868361683,,,,,,,,,
4774edf1bf7a896a,2-firexport_basic_1789247966014.csv,64,legacy,min_k_plus_plus,4,,True,,,True,-0.9192781577091571,,,,,,,,,
4774edf1bf7a896a,2-firexport_basic_1789247966014.csv,64,legacy,min_k_plus_plus,5,,True,,,False,-1.0515651960614767,,,,,,,,,
4775a20726cf24b3,2-firexport_basic_1789247966014.csv,65,legacy,min_k,0,,False,,,True,-7.86181378364563,,,,,,,,,
4775a20726cf24b3,2-firexport_basic_1789247966014.csv,65,legacy,min_k,1,,False,,,False,-8.341804027557373,,,,,,,,,
4775a20726cf24b3,2-firexport_basic_1789247966014.csv,65,legacy,min_k,2,,False,,,True,-8.443301677703857,,,,,,,,,
4775a20726cf24b3,2-firexport_basic_1789247966014.csv,65,legacy,min_k,3,,False,,,False,-9.514742533365885,,,,,,,,,
4775a20726cf24b3,2-firexport_basic_1789247966014.csv,65,legacy,min_k,4,,False,,,True,-9.081524789333344,,,,,,,,,
4775a20726cf24b3,2-firexport_basic_1789247966014.csv,65,legacy,min_k,5,,False,,,False,-10.124560475349426,,,,,,,,,
4b2a185eeba4bf4e,2-firexport_basic_1789247966014.csv,66,legacy,zlib,0,,True,,,True,-0.005547929084163973,,,,,,,,,
4b2a185eeba4bf4e,2-firexport_basic_1789247966014.csv,66,legacy,zlib,1,,False,,,False,-0.006067215711220928,,,,,,,,,
4b2a185eeba4bf4e,2-firexport_basic_1789247966014.csv,66,legacy,zlib,2,,False,,,True,-0.0072084735421573416,,,,,,,,,
4b2a185eeba4bf4e,2-firexport_basic_1789247966014.csv,66,legacy,zlib,3,,False,,,False,-0.007537491882548613,,,,,,,,,
4b2a185eeba4bf4e,2-firexport_basic_1789247966014.csv,66,legacy,zlib,4,,True,,,True,-0.005758550218356553,,,,,,,,,
4b2a185eeba4bf4e,2-firexport_basic_1789247966014.csv,66,legacy,zlib,5,,False,,,False,-0.006111151428632839,,,,,,,,,
4c87436c5c6cb8eb,2-firexport_basic_1789247966014.csv,67,legacy,reference,0,,True,,,True,0.26359128952026367,,,,,,,,,
4c87436c5c6cb8eb,2-firexport_basic_1789247966014.csv,67,legacy,reference,1,,False,,,False,-0.1059107780456543,,,,,,,,,
4c87436c5c6cb8eb,2-firexport_basic_1789247966014.csv,67,legacy,reference,2,,True,,,True,0.7640085220336914,,,,,,,,,
4c87436c5c6cb8eb,2-firexport_basic_1789247966014.csv,67,legacy,reference,3,,False,,,False,0.1827564239501953,,,,,,,,,
4c87436c5c6cb8eb,2-firexport_basic_1789247966014.csv,67,legacy,reference,4,,True,,,True,0.527585506439209,,,,,,,,,
4c87436c5c6cb8eb,2-firexport_basic_1789247966014.csv,67,legacy,reference,5,,False,,,False,0.0829930305480957,,,,,,,,,
512ee0535077eae5,2-firexport_basic_1789247966014.csv,69,legacy,samia,0,,False,,,True,0.09523809523809523,,,,,,,,,
512ee0535077eae5,2-firexport_basic_1789247966014.csv,69,legacy,samia,1,,False,,,False,0,,,,,,,,,
512ee0535077eae5,2-firexport_basic_1789247966014.csv,69,legacy,samia,2,,False,,,True,0.19047619047619047,,,,,,,,,
512ee0535077eae5,2-firexport_basic_1789247966014.csv,69,legacy,samia,3,,False,,,False,0.09523809523809523,,,,,,,,,
512ee0535077eae5,2-firexport_basic_1789247966014.csv,69,legacy,samia,4,,False,,,True,0.20833333333333334,,,,,,,,,
512ee0535077eae5,2-firexport_basic_1789247966014.csv,69,legacy,samia,5,,False,,,False,0.125,,,,,,,,,
514ede70d7572eed,2-firexport_basic_1789247966014.csv,70,legacy,recall,0,,True,,,True,1.2055684582749322,,,,,,,,,
514ede70d7572eed,2-firexport_basic_1789247966014.csv,70,legacy,recall,1,,True,,,False,1.1892425550887047,,,,,,,,,
514ede70d7572eed,2-firexport_basic_1789247966014.csv,70,legacy,recall,2,,True,,,True,1.1010977046670225,,,,,,,,,
514ede70d7572eed,2-firexport_basic_1789247966014.csv,70,legacy,recall,3,,True,,,False,1.0860095333863602,,,,,,,,,
514ede70d7572eed,2-firexport_basic_1789247966014.csv,70,legacy,recall,4,,False,,,True,1.028591319362531,,,,,,,,,
514ede70d7572eed,2-firexport_basic_1789247966014.csv,70,legacy,recall,5,,False,,,False,1.02463366897883,,,,,,,,,
528bd211d06e93c1,2-firexport_basic_1789247966014.csv,71,legacy,zlib,0,,True,,,True,-0.005346996013564293,,,,,,,,,
528bd211d06e93c1,2-firexport_basic_1789247966014.csv,71,legacy,zlib,1,,True,,,False,-0.005599351242335156,,,,,,,,,
528bd211d06e93c1,2-firexport_basic_1789247966014.csv,71,legacy,zlib,2,,True,,,True,-0.005098864697573478,,,,,,,,,
528bd211d06e93c1,2-firexport_basic_1789247966014.csv,71,legacy,zlib,3,,True,,,False,-0.0052696429846579565,,,,,,,,,
528bd211d06e93c1,2-firexport_basic_1789247966014.csv,71,legacy,zlib,4,,True,,,True,-0.0031704093045729367,,,,,,,,,
528bd211d06e93c1,2-firexport_basic_1789247966014.csv,71,legacy,zlib,5,,True,,,False,-0.003328541702127712,,,,,,,,,
53f70cb09e3bf284,2-firexport_basic_1789247966014.csv,72,legacy,wbc,0,,True,,,True,0.9487179487179487,,,,,,,,,
53f70cb09e3bf284,2-firexport_basic_1789247966014.csv,72,legacy,wbc,1,,False,,,False,0.07692307692307693,,,,,,,,,
53f70cb09e3bf284,2-firexport_basic_1789247966014.csv,72,legacy,wbc,2,,True,,,True,1,,,,,,,,,
53f70cb09e3bf284,2-firexport_basic_1789247966014.csv,72,legacy,wbc,3,,False,,,False,0.711864406779661,,,,,,,,,
53f70cb09e3bf284,2-firexport_basic_1789247966014.csv,72,legacy,wbc,4,,True,,,True,0.9832635983263598,,,,,,,,,
53f70cb09e3bf284,2-firexport_basic_1789247966014.csv,72,legacy,wbc,5,,False,,,False,0.7405857740585774,,,,,,,,,
56501545954d3eb0,2-firexport_basic_1789247966014.csv,74,legacy,neighborhood,0,,True,,,True,2.3243536949157715,,,,,,,,,
56501545954d3eb0,2-firexport_basic_1789247966014.csv,74,legacy,neighborhood,1,,True,,,False,1.8968485196431475,,,,,,,,,
56501545954d3eb0,2-firexport_basic_1789247966014.csv,74,legacy,neighborhood,2,,True,,,True,2.3723269303639727,,,,,,,,,
56501545954d3eb0,2-firexport_basic_1789247966014.csv,74,legacy,neighborhood,3,,True,,,False,1.6268750826517744,,,,,,,,,
56501545954d3eb0,2-firexport_basic_1789247966014.csv,74,legacy,neighborhood,4,,True,,,True,1.5806903044382734,,,,,,,,,
56501545954d3eb0,2-firexport_basic_1789247966014.csv,74,legacy,neighborhood,5,,True,,,False,1.223833640416463,,,,,,,,,
5ec3739fdd1236f1,2-firexport_basic_1789247966014.csv,76,legacy,min_k_plus_plus,0,,True,,,True,-1.5181298550136904,,,,,,,,,
5ec3739fdd1236f1,2-firexport_basic_1789247966014.csv,76,legacy,min_k_plus_plus,1,,True,,,False,-1.5973085626332437,,,,,,,,,
5ec3739fdd1236f1,2-firexport_basic_1789247966014.csv,76,legacy,min_k_plus_plus,2,,True,,,True,-1.3989455165688118,,,,,,,,,
5ec3739fdd1236f1,2-firexport_basic_1789247966014.csv,76,legacy,min_k_plus_plus,3,,True,,,False,-1.5095775303792793,,,,,,,,,
5ec3739fdd1236f1,2-firexport_basic_1789247966014.csv,76,legacy,min_k_plus_plus,4,,True,,,True,-2.103317081632953,,,,,,,,,
5ec3739fdd1236f1,2-firexport_basic_1789247966014.csv,76,legacy,min_k_plus_plus,5,,True,,,False,-2.250001228316981,,,,,,,,,
5f3dab9acbbaad84,2-firexport_basic_1789247966014.csv,77,legacy,min_k,0,,False,,,True,-8.121188879013062,,,,,,,,,
5f3dab9acbbaad84,2-firexport_basic_1789247966014.csv,77,legacy,min_k,1,,False,,,False,-8.555597424507141,,,,,,,,,
5f3dab9acbbaad84,2-firexport_basic_1789247966014.csv,77,legacy,min_k,2,,False,,,True,-8.597820917765299,,,,,,,,,
5f3dab9acbbaad84,2-firexport_basic_1789247966014.csv,77,legacy,min_k,3,,False,,,False,-9.356316248575846,,,,,,,,,
5f3dab9acbbaad84,2-firexport_basic_1789247966014.csv,77,legacy,min_k,4,,False,,,True,-9.211427211761475,,,,,,,,,
5f3dab9acbbaad84,2-firexport_basic_1789247966014.csv,77,legacy,min_k,5,,False,,,False,-9.943023800849915,,,,,,,,,
6421279e65afeb22,2-firexport_basic_1789247966014.csv,79,legacy,recall,0,,True,,,True,1.1618798957715475,,,,,,,,,
6421279e65afeb22,2-firexport_basic_1789247966014.csv,79,legacy,recall,1,,True,,,False,1.1379170634243048,,,,,,,,,
6421279e65afeb22,2-firexport_basic_1789247966014.csv,79,legacy,recall,2,,True,,,True,1.102258550347529,,,,,,,,,
6421279e65afeb22,2-firexport_basic_1789247966014.csv,79,legacy,recall,3,,True,,,False,1.101001947312075,,,,,,,,,
6421279e65afeb22,2-firexport_basic_1789247966014.csv,79,legacy,recall,4,,True,,,True,1.1597431443511417,,,,,,,,,
6421279e65afeb22,2-firexport_basic_1789247966014.csv,79,legacy,recall,5,,True,,,False,1.1508496217629827,,,,,,,,,
68ee0950b968a6a5,2-firexport_basic_1789247966014.csv,80,legacy,spv_mia,0,,True,,,True,0.0026204107752294623,,,,,,,,,
68ee0950b968a6a5,2-firexport_basic_1789247966014.csv,80,legacy,spv_mia,1,,False,,,False,-0.0004471675999532104,,,,,,,,,
68ee0950b968a6a5,2-firexport_basic_1789247966014.csv,80,legacy,spv_mia,2,,True,,,True,0.002023012699463389,,,,,,,,,
68ee0950b968a6a5,2-firexport_basic_1789247966014.csv,80,legacy,spv_mia,3,,True,,,False,4.081637751975542e-05,,,,,,,,,
68ee0950b968a6a5,2-firexport_basic_1789247966014.csv,80,legacy,spv_mia,4,,True,,,True,0.0008026806925792466,,,,,,,,,
68ee0950b968a6a5,2-firexport_basic_1789247966014.csv,80,legacy,spv_mia,5,,True,,,False,0.00015599858880094557,,,,,,,,,
6a458efe5375606d,2-firexport_basic_1789247966014.csv,81,legacy,spv_mia,0,,True,,,True,0.007552344371511454,,,,,,,,,
6a458efe5375606d,2-firexport_basic_1789247966014.csv,81,legacy,spv_mia,1,,True,,,False,7.199449526686282e-05,,,,,,,,,
6a458efe5375606d,2-firexport_basic_1789247966014.csv,81,legacy,spv_mia,2,,True,,,True,0.010280710151959305,,,,,,,,,
6a458efe5375606d,2-firexport_basic_1789247966014.csv,81,legacy,spv_mia,3,,True,,,False,0.00016834415480129544,,,,,,,,,
6a458efe5375606d,2-firexport_basic_1789247966014.csv,81,legacy,spv_mia,4,,True,,,True,0.003091409108187315,,,,,,,,,
6a458efe5375606d,2-firexport_basic_1789247966014.csv,81,legacy,spv_mia,5,,True,,,False,0.0006117883634494392,,,,,,,,,
6d419fac731a09a1,2-firexport_basic_1789247966014.csv,82,legacy,spv_mia,0,,True,,,True,0.00566715232082779,,,,,,,,,
6d419fac731a09a1,2-firexport_basic_1789247966014.csv,82,legacy,spv_mia,1,,True,,,False,0.0018052798482844357,,,,,,,,,
6d419fac731a09a1,2-firexport_basic_1789247966014.csv,82,legacy,spv_mia,2,,True,,,True,0.008922323613791482,,,,,,,,,
6d419fac731a09a1,2-firexport_basic_1789247966014.csv,82,legacy,spv_mia,3,,True,,,False,0.0009608292209635945,,,,,,,,,
6d419fac731a09a1,2-firexport_basic_1789247966014.csv,82,legacy,spv_mia,4,,True,,,True,0.013685469235846546,,,,,,,,,
6d419fac731a09a1,2-firexport_basic_1789247966014.csv,82,legacy,spv_mia,5,,True,,,False,0.004092011426018522,,,,,,,,,
6e0ea41c4d886785,2-firexport_basic_1789247966014.csv,83,legacy,min_k,0,,False,,,True,-7.046401262283325,,,,,,,,,
6e0ea41c4d886785,2-firexport_basic_1789247966014.csv,83,legacy,min_k,1,,False,,,False,-7.973225712776184,,,,,,,,,
6e0ea41c4d886785,2-firexport_basic_1789247966014.csv,83,legacy,min_k,2,,False,,,True,-7.9837080637613935,,,,,,,,,
6e0ea41c4d886785,2-firexport_basic_1789247966014.csv,83,legacy,min_k,3,,False,,,False,-9.61699104309082,,,,,,,,,
6e0ea41c4d886785,2-firexport_basic_1789247966014.csv,83,legacy,min_k,4,,False,,,True,-8.612961649894714,,,,,,,,,
6e0ea41c4d886785,2-firexport_basic_1789247966014.csv,83,legacy,min_k,5,,False,,,False,-10.024978637695312,,,,,,,,,
6e3490cbcd838398,2-firexport_basic_1789247966014.csv,84,legacy,min_k,0,,False,,,True,-8.1961510181427,,,,,,,,,
6e3490cbcd838398,2-firexport_basic_1789247966014.csv,84,legacy,min_k,1,,False,,,False,-8.509734869003296,,,,,,,,,
6e3490cbcd838398,2-firexport_basic_1789247966014.csv,84,legacy,min_k,2,,False,,,True,-8.911627451578775,,,,,,,,,
6e3490cbcd838398,2-firexport_basic_1789247966014.csv,84,legacy,min_k,3,,False,,,False,-9.349289894104004,,,,,,,,,
6e3490cbcd838398,2-firexport_basic_1789247966014.csv,84,legacy,min_k,4,,False,,,True,-9.682514190673828,,,,,,,,,
6e3490cbcd838398,2-firexport_basic_1789247966014.csv,84,legacy,min_k,5,,False,,,False,-9.970115542411804,,,,,,,,,
72c7a58f83f345b7,2-firexport_basic_1789247966014.csv,85,legacy,min_k,0,,False,,,True,-8.839566135406494,,,,,,,,,
72c7a58f83f345b7,2-firexport_basic_1789247966014.csv,85,legacy,min_k,1,,False,,,False,-9.165085124969483,,,,,,,,,
72c7a58f83f345b7,2-firexport_basic_1789247966014.csv,85,legacy,min_k,2,,False,,,True,-8.97997169494629,,,,,,,,,
72c7a58f83f345b7,2-firexport_basic_1789247966014.csv,85,legacy,min_k,3,,False,,,False,-9.411015033721924,,,,,,,,,
72c7a58f83f345b7,2-firexport_basic_1789247966014.csv,85,legacy,min_k,4,,False,,,True,-7.898943901062012,,,,,,,,,
72c7a58f83f345b7,2-firexport_basic_1789247966014.csv,85,legacy,min_k,5,,False,,,False,-8.008951425552368,,,,,,,,,
74eb90a1c22346cb,2-firexport_basic_1789247966014.csv,86,legacy,recall,0,,False,,,True,0.8073488850938623,,,,,,,,,
74eb90a1c22346cb,2-firexport_basic_1789247966014.csv,86,legacy,recall,1,,False,,,False,0.7937222104392982,,,,,,,,,
74eb90a1c22346cb,2-firexport_basic_1789247966014.csv,86,legacy,recall,2,,False,,,True,0.7686671797197784,,,,,,,,,
74eb90a1c22346cb,2-firexport_basic_1789247966014.csv,86,legacy,recall,3,,False,,,False,0.7503576035121549,,,,,,,,,
74eb90a1c22346cb,2-firexport_basic_1789247966014.csv,86,legacy,recall,4,,False,,,True,0.8518684800534717,,,,,,,,,
74eb90a1c22346cb,2-firexport_basic_1789247966014.csv,86,legacy,recall,5,,False,,,False,0.8359252702532053,,,,,,,,,
75f28371701aa738,2-firexport_basic_1789247966014.csv,87,legacy,samia,0,,False,,,True,0,,,,,,,,,
75f28371701aa738,2-firexport_basic_1789247966014.csv,87,legacy,samia,1,,False,,,False,0,,,,,,,,,
75f28371701aa738,2-firexport_basic_1789247966014.csv,87,legacy,samia,2,,False,,,True,0.16666666666666666,,,,,,,,,
75f28371701aa738,2-firexport_basic_1789247966014.csv,87,legacy,samia,3,,False,,,False,0.16666666666666666,,,,,,,,,
75f28371701aa738,2-firexport_basic_1789247966014.csv,87,legacy,samia,4,,False,,,True,0.125,,,,,,,,,
75f28371701aa738,2-firexport_basic_1789247966014.csv,87,legacy,samia,5,,False,,,False,0.041666666666666664,,,,,,,,,
7603051caa0206e586145205,2-firexport_basic_1789247966014.csv,88,legacy,amia,0,,True,,,True,23.080442428588867,,4,,,,,,,
7603051caa0206e586145205,2-firexport_basic_1789247966014.csv,88,legacy,amia,1,,False,,,False,0,,4,,,,,,,
7603051caa0206e586145205,2-firexport_basic_1789247966014.csv,88,legacy,amia,2,,True,,,True,23.080442428588867,,4,,,,,,,
7603051caa0206e586145205,2-firexport_basic_1789247966014.csv,88,legacy,amia,3,,False,,,False,0,,4,,,,,,,
7603051caa0206e586145205,2-firexport_basic_1789247966014.csv,88,legacy,amia,4,,True,,,True,23.080442428588867,,4,,,,,,,
7603051caa0206e586145205,2-firexport_basic_1789247966014.csv,88,legacy,amia,5,,False,,,False,0,,4,,,,,,,
7687ea56592d3da9,2-firexport_basic_1789247966014.csv,89,legacy,min_k,0,,False,,,True,-9.891956011454264,,,,,,,,,
7687ea56592d3da9,2-firexport_basic_1789247966014.csv,89,legacy,min_k,1,,False,,,False,-9.921381314595541,,,,,,,,,
7687ea56592d3da9,2-firexport_basic_1789247966014.csv,89,legacy,min_k,2,,False,,,True,-11.045835494995117,,,,,,,,,
7687ea56592d3da9,2-firexport_basic_1789247966014.csv,89,legacy,min_k,3,,False,,,False,-11.262954076131185,,,,,,,,,
7687ea56592d3da9,2-firexport_basic_1789247966014.csv,89,legacy,min_k,4,,False,,,True,-8.62607192993164,,,,,,,,,
7687ea56592d3da9,2-firexport_basic_1789247966014.csv,89,legacy,min_k,5,,False,,,False,-8.903405785560608,,,,,,,,,
7866030d837f7c15,2-firexport_basic_1789247966014.csv,90,legacy,spv_mia,0,,True,,,True,0.0042334133027927025,,,,,,,,,
7866030d837f7c15,2-firexport_basic_1789247966014.csv,90,legacy,spv_mia,1,,True,,,False,0.00033566489430424465,,,,,,,,,
7866030d837f7c15,2-firexport_basic_1789247966014.csv,90,legacy,spv_mia,2,,True,,,True,0.002076367027089729,,,,,,,,,
7866030d837f7c15,2-firexport_basic_1789247966014.csv,90,legacy,spv_mia,3,,False,,,False,-0.00021672357843965928,,,,,,,,,
7866030d837f7c15,2-firexport_basic_1789247966014.csv,90,legacy,spv_mia,4,,True,,,True,0.0028392097629812707,,,,,,,,,
7866030d837f7c15,2-firexport_basic_1789247966014.csv,90,legacy,spv_mia,5,,True,,,False,0.0012792549433302079,,,,,,,,,
79c0d7570606bac8bfa7a034,2-firexport_basic_1789247966014.csv,91,legacy,amia,0,,True,,,True,15.627007484436035,,4,,,,,,,
79c0d7570606bac8bfa7a034,2-firexport_basic_1789247966014.csv,91,legacy,amia,1,,False,,,False,0,,4,,,,,,,
79c0d7570606bac8bfa7a034,2-firexport_basic_1789247966014.csv,91,legacy,amia,2,,True,,,True,15.627007484436035,,4,,,,,,,
79c0d7570606bac8bfa7a034,2-firexport_basic_1789247966014.csv,91,legacy,amia,3,,False,,,False,0,,4,,,,,,,
79c0d7570606bac8bfa7a034,2-firexport_basic_1789247966014.csv,91,legacy,amia,4,,True,,,True,15.627007484436035,,4,,,,,,,
79c0d7570606bac8bfa7a034,2-firexport_basic_1789247966014.csv,91,legacy,amia,5,,False,,,False,0,,4,,,,,,,
7a3ef861d363b156,2-firexport_basic_1789247966014.csv,92,legacy,min_k_plus_plus,0,,True,,,True,-0.8502749593713678,,,,,,,,,
7a3ef861d363b156,2-firexport_basic_1789247966014.csv,92,legacy,min_k_plus_plus,1,,True,,,False,-1.207361111315615,,,,,,,,,
7a3ef861d363b156,2-firexport_basic_1789247966014.csv,92,legacy,min_k_plus_plus,2,,True,,,True,-1.2972625488389051,,,,,,,,,
7a3ef861d363b156,2-firexport_basic_1789247966014.csv,92,legacy,min_k_plus_plus,3,,True,,,False,-2.5449218369578985,,,,,,,,,
7a3ef861d363b156,2-firexport_basic_1789247966014.csv,92,legacy,min_k_plus_plus,4,,True,,,True,-1.292760653121034,,,,,,,,,
7a3ef861d363b156,2-firexport_basic_1789247966014.csv,92,legacy,min_k_plus_plus,5,,True,,,False,-1.8502811254909335,,,,,,,,,
7a8f72848931df6d,2-firexport_basic_1789247966014.csv,93,legacy,zlib,0,,False,,,True,-0.00596174974551146,,,,,,,,,
7a8f72848931df6d,2-firexport_basic_1789247966014.csv,93,legacy,zlib,1,,False,,,False,-0.006190033479668628,,,,,,,,,
7a8f72848931df6d,2-firexport_basic_1789247966014.csv,93,legacy,zlib,2,,False,,,True,-0.008425715603405916,,,,,,,,,
7a8f72848931df6d,2-firexport_basic_1789247966014.csv,93,legacy,zlib,3,,False,,,False,-0.00901220795474475,,,,,,,,,
7a8f72848931df6d,2-firexport_basic_1789247966014.csv,93,legacy,zlib,4,,True,,,True,-0.005019892637546246,,,,,,,,,
7a8f72848931df6d,2-firexport_basic_1789247966014.csv,93,legacy,zlib,5,,True,,,False,-0.005222840951039241,,,,,,,,,
7da6be4969389fbb,2-firexport_basic_1789247966014.csv,94,legacy,reference,0,,False,,,True,0.08283042907714844,,,,,,,,,
7da6be4969389fbb,2-firexport_basic_1789247966014.csv,94,legacy,reference,1,,False,,,False,0.029569149017333984,,,,,,,,,
7da6be4969389fbb,2-firexport_basic_1789247966014.csv,94,legacy,reference,2,,False,,,True,0.22806167602539062,,,,,,,,,
7da6be4969389fbb,2-firexport_basic_1789247966014.csv,94,legacy,reference,3,,False,,,False,0.12515926361083984,,,,,,,,,
7da6be4969389fbb,2-firexport_basic_1789247966014.csv,94,legacy,reference,4,,False,,,True,0.12612152099609375,,,,,,,,,
7da6be4969389fbb,2-firexport_basic_1789247966014.csv,94,legacy,reference,5,,False,,,False,0.07628488540649414,,,,,,,,,
7ebce0953d0d166f,2-firexport_basic_1789247966014.csv,95,legacy,neighborhood,0,,True,,,True,2.0253369013468427,,,,,,,,,
7ebce0953d0d166f,2-firexport_basic_1789247966014.csv,95,legacy,neighborhood,1,,True,,,False,1.875051498413086,,,,,,,,,
7ebce0953d0d166f,2-firexport_basic_1789247966014.csv,95,legacy,neighborhood,2,,True,,,True,1.6272012392679853,,,,,,,,,
7ebce0953d0d166f,2-firexport_basic_1789247966014.csv,95,legacy,neighborhood,3,,True,,,False,1.3328586419423418,,,,,,,,,
7ebce0953d0d166f,2-firexport_basic_1789247966014.csv,95,legacy,neighborhood,4,,True,,,True,1.2926816145579023,,,,,,,,,
7ebce0953d0d166f,2-firexport_basic_1789247966014.csv,95,legacy,neighborhood,5,,True,,,False,1.2326200008392334,,,,,,,,,
7fd5a8fb57d6cffe,2-firexport_basic_1789247966014.csv,96,legacy,samia,0,,False,,,True,0.2222222222222222,,,,,,,,,
7fd5a8fb57d6cffe,2-firexport_basic_1789247966014.csv,96,legacy,samia,1,,False,,,False,0.07407407407407407,,,,,,,,,
7fd5a8fb57d6cffe,2-firexport_basic_1789247966014.csv,96,legacy,samia,2,,False,,,True,0.06666666666666667,,,,,,,,,
7fd5a8fb57d6cffe,2-firexport_basic_1789247966014.csv,96,legacy,samia,3,,False,,,False,0.03333333333333333,,,,,,,,,
7fd5a8fb57d6cffe,2-firexport_basic_1789247966014.csv,96,legacy,samia,4,,False,,,True,0.23809523809523805,,,,,,,,,
7fd5a8fb57d6cffe,2-firexport_basic_1789247966014.csv,96,legacy,samia,5,,False,,,False,0.19047619047619047,,,,,,,,,
82475907cac55ffb,2-firexport_basic_1789247966014.csv,97,legacy,spv_mia,0,,True,,,True,0.001316847689475818,,,,,,,,,
82475907cac55ffb,2-firexport_basic_1789247966014.csv,97,legacy,spv_mia,1,,True,,,False,0.000370091813022058,,,,,,,,,
82475907cac55ffb,2-firexport_basic_1789247966014.csv,97,legacy,spv_mia,2,,True,,,True,0.0007833996123779094,,,,,,,,,
82475907cac55ffb,2-firexport_basic_1789247966014.csv,97,legacy,spv_mia,3,,False,,,False,-0.00020901637525132938,,,,,,,,,
82475907cac55ffb,2-firexport_basic_1789247966014.csv,97,legacy,spv_mia,4,,True,,,True,0.0018724160320882192,,,,,,,,,
82475907cac55ffb,2-firexport_basic_1789247966014.csv,97,legacy,spv_mia,5,,True,,,False,0.0006497569059737869,,,,,,,,,
854e7d422bb6f080,2-firexport_basic_1789247966014.csv,99,legacy,min_k_plus_plus,0,,True,,,True,-1.0449227269972117,,,,,,,,,
854e7d422bb6f080,2-firexport_basic_1789247966014.csv,99,legacy,min_k_plus_plus,1,,True,,,False,-1.1233625185753422,,,,,,,,,
854e7d422bb6f080,2-firexport_basic_1789247966014.csv,99,legacy,min_k_plus_plus,2,,True,,,True,-1.7286347177289672,,,,,,,,,
854e7d422bb6f080,2-firexport_basic_1789247966014.csv,99,legacy,min_k_plus_plus,3,,True,,,False,-2.092354902516151,,,,,,,,,
854e7d422bb6f080,2-firexport_basic_1789247966014.csv,99,legacy,min_k_plus_plus,4,,True,,,True,-1.5357550907570354,,,,,,,,,
854e7d422bb6f080,2-firexport_basic_1789247966014.csv,99,legacy,min_k_plus_plus,5,,True,,,False,-1.633063376414046,,,,,,,,,
8a4ac8e0c797370d,2-firexport_basic_1789247966014.csv,100,legacy,neighborhood,0,,False,,,True,-0.14563616116841605,,,,,,,,,
8a4ac8e0c797370d,2-firexport_basic_1789247966014.csv,100,legacy,neighborhood,1,,False,,,False,-0.2972269058227539,,,,,,,,,
8a4ac8e0c797370d,2-firexport_basic_1789247966014.csv,100,legacy,neighborhood,2,,True,,,True,0.44959402084350586,,,,,,,,,
8a4ac8e0c797370d,2-firexport_basic_1789247966014.csv,100,legacy,neighborhood,3,,True,,,False,0.5182733535766602,,,,,,,,,
8a4ac8e0c797370d,2-firexport_basic_1789247966014.csv,100,legacy,neighborhood,4,,True,,,True,0.5623745123545332,,,,,,,,,
8a4ac8e0c797370d,2-firexport_basic_1789247966014.csv,100,legacy,neighborhood,5,,True,,,False,0.5974557399749756,,,,,,,,,
8b1ea5586ecec2eb,2-firexport_basic_1789247966014.csv,101,legacy,min_k_plus_plus,0,,True,,,True,-1.1937249930406308,,,,,,,,,
8b1ea5586ecec2eb,2-firexport_basic_1789247966014.csv,101,legacy,min_k_plus_plus,1,,True,,,False,-1.2501903652886066,,,,,,,,,
8b1ea5586ecec2eb,2-firexport_basic_1789247966014.csv,101,legacy,min_k_plus_plus,2,,True,,,True,-1.6531162074520906,,,,,,,,,
8b1ea5586ecec2eb,2-firexport_basic_1789247966014.csv,101,legacy,min_k_plus_plus,3,,True,,,False,-2.087475385451061,,,,,,,,,
8b1ea5586ecec2eb,2-firexport_basic_1789247966014.csv,101,legacy,min_k_plus_plus,4,,True,,,True,-1.5381347465150352,,,,,,,,,
8b1ea5586ecec2eb,2-firexport_basic_1789247966014.csv,101,legacy,min_k_plus_plus,5,,True,,,False,-1.7234232751199912,,,,,,,,,
8d8d52ab43f71e0a10dfc5c1,2-firexport_basic_1789247966014.csv,102,legacy,amia,0,,True,,,True,23.184589385986328,,4,,,,,,,
8d8d52ab43f71e0a10dfc5c1,2-firexport_basic_1789247966014.csv,102,legacy,amia,1,,False,,,False,0,,4,,,,,,,
8d8d52ab43f71e0a10dfc5c1,2-firexport_basic_1789247966014.csv,102,legacy,amia,2,,True,,,True,23.184589385986328,,4,,,,,,,
8d8d52ab43f71e0a10dfc5c1,2-firexport_basic_1789247966014.csv,102,legacy,amia,3,,False,,,False,0,,4,,,,,,,
8d8d52ab43f71e0a10dfc5c1,2-firexport_basic_1789247966014.csv,102,legacy,amia,4,,True,,,True,23.184589385986328,,4,,,,,,,
8d8d52ab43f71e0a10dfc5c1,2-firexport_basic_1789247966014.csv,102,legacy,amia,5,,False,,,False,0,,4,,,,,,,
8db483c0dfe4676b,2-firexport_basic_1789247966014.csv,103,legacy,min_k,0,,False,,,True,-7.474885390355037,,,,,,,,,
8db483c0dfe4676b,2-firexport_basic_1789247966014.csv,103,legacy,min_k,1,,False,,,False,-7.621983968294584,,,,,,,,,
8db483c0dfe4676b,2-firexport_basic_1789247966014.csv,103,legacy,min_k,2,,False,,,True,-6.933066478142371,,,,,,,,,
8db483c0dfe4676b,2-firexport_basic_1789247966014.csv,103,legacy,min_k,3,,False,,,False,-7.160512447357178,,,,,,,,,
8db483c0dfe4676b,2-firexport_basic_1789247966014.csv,103,legacy,min_k,4,,False,,,True,-7.187230587005615,,,,,,,,,
8db483c0dfe4676b,2-firexport_basic_1789247966014.csv,103,legacy,min_k,5,,False,,,False,-7.50758460851816,,,,,,,,,
8eba2ac76b88198a48ef4c7a,2-firexport_basic_1789247966014.csv,104,legacy,amia,0,,True,,,True,24.31376075744629,,4,,,,,,,
8eba2ac76b88198a48ef4c7a,2-firexport_basic_1789247966014.csv,104,legacy,amia,1,,False,,,False,0,,4,,,,,,,
8eba2ac76b88198a48ef4c7a,2-firexport_basic_1789247966014.csv,104,legacy,amia,2,,True,,,True,24.31375503540039,,4,,,,,,,
8eba2ac76b88198a48ef4c7a,2-firexport_basic_1789247966014.csv,104,legacy,amia,3,,False,,,False,0,,4,,,,,,,
8eba2ac76b88198a48ef4c7a,2-firexport_basic_1789247966014.csv,104,legacy,amia,4,,True,,,True,24.31375503540039,,4,,,,,,,
8eba2ac76b88198a48ef4c7a,2-firexport_basic_1789247966014.csv,104,legacy,amia,5,,False,,,False,0,,4,,,,,,,
93bcc69a559719db,2-firexport_basic_1789247966014.csv,106,legacy,samia,0,,False,,,True,0.06666666666666667,,,,,,,,,
93bcc69a559719db,2-firexport_basic_1789247966014.csv,106,legacy,samia,1,,False,,,False,0,,,,,,,,,
93bcc69a559719db,2-firexport_basic_1789247966014.csv,106,legacy,samia,2,,False,,,True,0.17948717948717952,,,,,,,,,
93bcc69a559719db,2-firexport_basic_1789247966014.csv,106,legacy,samia,3,,False,,,False,0.15384615384615385,,,,,,,,,
93bcc69a559719db,2-firexport_basic_1789247966014.csv,106,legacy,samia,4,,False,,,True,0.16666666666666666,,,,,,,,,
93bcc69a559719db,2-firexport_basic_1789247966014.csv,106,legacy,samia,5,,False,,,False,0.15,,,,,,,,,
952a81adf03b3164,2-firexport_basic_1789247966014.csv,107,legacy,wbc,0,,True,,,True,0.9615384615384616,,,,,,,,,
952a81adf03b3164,2-firexport_basic_1789247966014.csv,107,legacy,wbc,1,,False,,,False,0.23076923076923078,,,,,,,,,
952a81adf03b3164,2-firexport_basic_1789247966014.csv,107,legacy,wbc,2,,True,,,True,1,,,,,,,,,
952a81adf03b3164,2-firexport_basic_1789247966014.csv,107,legacy,wbc,3,,True,,,False,0.8135593220338984,,,,,,,,,
952a81adf03b3164,2-firexport_basic_1789247966014.csv,107,legacy,wbc,4,,True,,,True,0.9874476987447699,,,,,,,,,
952a81adf03b3164,2-firexport_basic_1789247966014.csv,107,legacy,wbc,5,,True,,,False,0.8410041841004184,,,,,,,,,
961e488f2faba7c5,2-firexport_basic_1789247966014.csv,108,legacy,zlib,0,,True,,,True,-0.0044107668185501955,,,,,,,,,
961e488f2faba7c5,2-firexport_basic_1789247966014.csv,108,legacy,zlib,1,,True,,,False,-0.004645174473858951,,,,,,,,,
961e488f2faba7c5,2-firexport_basic_1789247966014.csv,108,legacy,zlib,2,,False,,,True,-0.00877486953609868,,,,,,,,,
961e488f2faba7c5,2-firexport_basic_1789247966014.csv,108,legacy,zlib,3,,False,,,False,-0.008984215165439405,,,,,,,,,
961e488f2faba7c5,2-firexport_basic_1789247966014.csv,108,legacy,zlib,4,,False,,,True,-0.007580584042692838,,,,,,,,,
961e488f2faba7c5,2-firexport_basic_1789247966014.csv,108,legacy,zlib,5,,False,,,False,-0.007857437819650728,,,,,,,,,
96ea437c8cfbe19b,2-firexport_basic_1789247966014.csv,109,legacy,recall,0,,True,,,True,1.2051370866168547,,,,,,,,,
96ea437c8cfbe19b,2-firexport_basic_1789247966014.csv,109,legacy,recall,1,,True,,,False,1.1883285426330323,,,,,,,,,
96ea437c8cfbe19b,2-firexport_basic_1789247966014.csv,109,legacy,recall,2,,True,,,True,1.1051630332286906,,,,,,,,,
96ea437c8cfbe19b,2-firexport_basic_1789247966014.csv,109,legacy,recall,3,,True,,,False,1.083965679776489,,,,,,,,,
96ea437c8cfbe19b,2-firexport_basic_1789247966014.csv,109,legacy,recall,4,,False,,,True,1.0308510643358286,,,,,,,,,
96ea437c8cfbe19b,2-firexport_basic_1789247966014.csv,109,legacy,recall,5,,False,,,False,1.0264348264385557,,,,,,,,,
987dc254a6a200a0,2-firexport_basic_1789247966014.csv,110,legacy,min_k_plus_plus,0,,True,,,True,-1.0478665346569436,,,,,,,,,
987dc254a6a200a0,2-firexport_basic_1789247966014.csv,110,legacy,min_k_plus_plus,1,,True,,,False,-1.1224700505296263,,,,,,,,,
987dc254a6a200a0,2-firexport_basic_1789247966014.csv,110,legacy,min_k_plus_plus,2,,True,,,True,-1.8550413735709907,,,,,,,,,
987dc254a6a200a0,2-firexport_basic_1789247966014.csv,110,legacy,min_k_plus_plus,3,,True,,,False,-2.104817340060102,,,,,,,,,
987dc254a6a200a0,2-firexport_basic_1789247966014.csv,110,legacy,min_k_plus_plus,4,,True,,,True,-1.532318818371857,,,,,,,,,
987dc254a6a200a0,2-firexport_basic_1789247966014.csv,110,legacy,min_k_plus_plus,5,,True,,,False,-1.6497678008907977,,,,,,,,,
987dc254a6a200a0,2-firexport_basic_1789247966014.csv,110,legacy,min_k_plus_plus,6,,True,,,True,-1.7769744848570892,,,,,,,,,
987dc254a6a200a0,2-firexport_basic_1789247966014.csv,110,legacy,min_k_plus_plus,7,,True,,,False,-2.0422665376813374,,,,,,,,,
987dc254a6a200a0,2-firexport_basic_1789247966014.csv,110,legacy,min_k_plus_plus,8,,True,,,True,-0.9153716900329435,,,,,,,,,
987dc254a6a200a0,2-firexport_basic_1789247966014.csv,110,legacy,min_k_plus_plus,9,,True,,,False,-1.1004809291735393,,,,,,,,,
987dc254a6a200a0,2-firexport_basic_1789247966014.csv,110,legacy,min_k_plus_plus,10,,True,,,True,-1.4785474965776764,,,,,,,,,
987dc254a6a200a0,2-firexport_basic_1789247966014.csv,110,legacy,min_k_plus_plus,11,,True,,,False,-1.7383144598342417,,,,,,,,,
987dc254a6a200a0,2-firexport_basic_1789247966014.csv,110,legacy,min_k_plus_plus,12,,True,,,True,-1.8294242071797588,,,,,,,,,
987dc254a6a200a0,2-firexport_basic_1789247966014.csv,110,legacy,min_k_plus_plus,13,,True,,,False,-1.8958824947589572,,,,,,,,,
987dc254a6a200a0,2-firexport_basic_1789247966014.csv,110,legacy,min_k_plus_plus,14,,True,,,True,-1.9136915879548553,,,,,,,,,
987dc254a6a200a0,2-firexport_basic_1789247966014.csv,110,legacy,min_k_plus_plus,15,,True,,,False,-1.9892516577475785,,,,,,,,,
987dc254a6a200a0,2-firexport_basic_1789247966014.csv,110,legacy,min_k_plus_plus,16,,True,,,True,-1.3489500460679582,,,,,,,,,
987dc254a6a200a0,2-firexport_basic_1789247966014.csv,110,legacy,min_k_plus_plus,17,,True,,,False,-1.5188310755884151,,,,,,,,,
987dc254a6a200a0,2-firexport_basic_1789247966014.csv,110,legacy,min_k_plus_plus,18,,True,,,True,-1.7631826683087992,,,,,,,,,
987dc254a6a200a0,2-firexport_basic_1789247966014.csv,110,legacy,min_k_plus_plus,19,,True,,,False,-2.0011402727845944,,,,,,,,,
987dc254a6a200a0,2-firexport_basic_1789247966014.csv,110,legacy,min_k_plus_plus,20,,True,,,True,-1.8180903454727133,,,,,,,,,
987dc254a6a200a0,2-firexport_basic_1789247966014.csv,110,legacy,min_k_plus_plus,21,,True,,,False,-2.113007968250461,,,,,,,,,
987dc254a6a200a0,2-firexport_basic_1789247966014.csv,110,legacy,min_k_plus_plus,22,,True,,,True,-1.5492798482037908,,,,,,,,,
987dc254a6a200a0,2-firexport_basic_1789247966014.csv,110,legacy,min_k_plus_plus,23,,True,,,False,-1.6271446408925563,,,,,,,,,
987dc254a6a200a0,2-firexport_basic_1789247966014.csv,110,legacy,min_k_plus_plus,24,,True,,,True,-2.9170566682263415,,,,,,,,,
987dc254a6a200a0,2-firexport_basic_1789247966014.csv,110,legacy,min_k_plus_plus,25,,True,,,False,-3.1461203314019013,,,,,,,,,
987dc254a6a200a0,2-firexport_basic_1789247966014.csv,110,legacy,min_k_plus_plus,26,,True,,,True,-0.8337711278213226,,,,,,,,,
987dc254a6a200a0,2-firexport_basic_1789247966014.csv,110,legacy,min_k_plus_plus,27,,True,,,False,-0.8685370692522382,,,,,,,,,
987dc254a6a200a0,2-firexport_basic_1789247966014.csv,110,legacy,min_k_plus_plus,28,,True,,,True,-1.7605196804270498,,,,,,,,,
987dc254a6a200a0,2-firexport_basic_1789247966014.csv,110,legacy,min_k_plus_plus,29,,True,,,False,-1.981475637237762,,,,,,,,,
987dc254a6a200a0,2-firexport_basic_1789247966014.csv,110,legacy,min_k_plus_plus,30,,True,,,True,-1.2874370181979666,,,,,,,,,
987dc254a6a200a0,2-firexport_basic_1789247966014.csv,110,legacy,min_k_plus_plus,31,,True,,,False,-1.3725355229990344,,,,,,,,,
987dc254a6a200a0,2-firexport_basic_1789247966014.csv,110,legacy,min_k_plus_plus,32,,True,,,True,-1.8881514123723957,,,,,,,,,
987dc254a6a200a0,2-firexport_basic_1789247966014.csv,110,legacy,min_k_plus_plus,33,,True,,,False,-1.9910481263639406,,,,,,,,,
987dc254a6a200a0,2-firexport_basic_1789247966014.csv,110,legacy,min_k_plus_plus,34,,True,,,True,-1.5576960094085437,,,,,,,,,
987dc254a6a200a0,2-firexport_basic_1789247966014.csv,110,legacy,min_k_plus_plus,35,,True,,,False,-1.6937250141323505,,,,,,,,,
987dc254a6a200a0,2-firexport_basic_1789247966014.csv,110,legacy,min_k_plus_plus,36,,True,,,True,-1.0552540444761698,,,,,,,,,
987dc254a6a200a0,2-firexport_basic_1789247966014.csv,110,legacy,min_k_plus_plus,37,,True,,,False,-1.1080111593693045,,,,,,,,,
987dc254a6a200a0,2-firexport_basic_1789247966014.csv,110,legacy,min_k_plus_plus,38,,True,,,True,-1.733056969025098,,,,,,,,,
987dc254a6a200a0,2-firexport_basic_1789247966014.csv,110,legacy,min_k_plus_plus,39,,True,,,False,-1.8768710974903584,,,,,,,,,
987dc254a6a200a0,2-firexport_basic_1789247966014.csv,110,legacy,min_k_plus_plus,40,,True,,,True,-1.4194316504976607,,,,,,,,,
987dc254a6a200a0,2-firexport_basic_1789247966014.csv,110,legacy,min_k_plus_plus,41,,True,,,False,-1.5805430993935683,,,,,,,,,
987dc254a6a200a0,2-firexport_basic_1789247966014.csv,110,legacy,min_k_plus_plus,42,,True,,,True,-1.0093481901277441,,,,,,,,,
987dc254a6a200a0,2-firexport_basic_1789247966014.csv,110,legacy,min_k_plus_plus,43,,True,,,False,-1.0266567088691,,,,,,,,,
987dc254a6a200a0,2-firexport_basic_1789247966014.csv,110,legacy,min_k_plus_plus,44,,True,,,True,-1.1554772600134129,,,,,,,,,
987dc254a6a200a0,2-firexport_basic_1789247966014.csv,110,legacy,min_k_plus_plus,45,,True,,,False,-1.286097979277391,,,,,,,,,
987dc254a6a200a0,2-firexport_basic_1789247966014.csv,110,legacy,min_k_plus_plus,46,,True,,,True,-0.9586050734818516,,,,,,,,,
987dc254a6a200a0,2-firexport_basic_1789247966014.csv,110,legacy,min_k_plus_plus,47,,True,,,False,-0.9923570110657381,,,,,,,,,
987dc254a6a200a0,2-firexport_basic_1789247966014.csv,110,legacy,min_k_plus_plus,48,,True,,,True,-1.2215562474533428,,,,,,,,,
987dc254a6a200a0,2-firexport_basic_1789247966014.csv,110,legacy,min_k_plus_plus,49,,True,,,False,-1.3147792876325717,,,,,,,,,
987dc254a6a200a0,2-firexport_basic_1789247966014.csv,110,legacy,min_k_plus_plus,50,,False,,,True,-5.13190381245919,,,,,,,,,
987dc254a6a200a0,2-firexport_basic_1789247966014.csv,110,legacy,min_k_plus_plus,51,,False,,,False,-5.7766610274008725,,,,,,,,,
987dc254a6a200a0,2-firexport_basic_1789247966014.csv,110,legacy,min_k_plus_plus,52,,True,,,True,-1.5243419648883199,,,,,,,,,
987dc254a6a200a0,2-firexport_basic_1789247966014.csv,110,legacy,min_k_plus_plus,53,,True,,,False,-1.7603218890154455,,,,,,,,,
987dc254a6a200a0,2-firexport_basic_1789247966014.csv,110,legacy,min_k_plus_plus,54,,True,,,True,-1.715921063822261,,,,,,,,,
987dc254a6a200a0,2-firexport_basic_1789247966014.csv,110,legacy,min_k_plus_plus,55,,True,,,False,-1.9326294051172852,,,,,,,,,
987dc254a6a200a0,2-firexport_basic_1789247966014.csv,110,legacy,min_k_plus_plus,56,,True,,,True,-1.1251245971792752,,,,,,,,,
987dc254a6a200a0,2-firexport_basic_1789247966014.csv,110,legacy,min_k_plus_plus,57,,True,,,False,-1.5061830971505639,,,,,,,,,
987dc254a6a200a0,2-firexport_basic_1789247966014.csv,110,legacy,min_k_plus_plus,58,,True,,,True,-1.2593546324205342,,,,,,,,,
987dc254a6a200a0,2-firexport_basic_1789247966014.csv,110,legacy,min_k_plus_plus,59,,True,,,False,-1.4487304338337685,,,,,,,,,
987dc254a6a200a0,2-firexport_basic_1789247966014.csv,110,legacy,min_k_plus_plus,60,,True,,,True,-1.5821324657649434,,,,,,,,,
987dc254a6a200a0,2-firexport_basic_1789247966014.csv,110,legacy,min_k_plus_plus,61,,True,,,False,-1.7772317847605412,,,,,,,,,
987dc254a6a200a0,2-firexport_basic_1789247966014.csv,110,legacy,min_k_plus_plus,62,,True,,,True,-1.805206492508547,,,,,,,,,
987dc254a6a200a0,2-firexport_basic_1789247966014.csv,110,legacy,min_k_plus_plus,63,,True,,,False,-2.1745318335862227,,,,,,,,,
987dc254a6a200a0,2-firexport_basic_1789247966014.csv,110,legacy,min_k_plus_plus,64,,True,,,True,-1.4505947299503645,,,,,,,,,
987dc254a6a200a0,2-firexport_basic_1789247966014.csv,110,legacy,min_k_plus_plus,65,,True,,,False,-1.5293818309019598,,,,,,,,,
987dc254a6a200a0,2-firexport_basic_1789247966014.csv,110,legacy,min_k_plus_plus,66,,True,,,True,-2.9010936095611917,,,,,,,,,
987dc254a6a200a0,2-firexport_basic_1789247966014.csv,110,legacy,min_k_plus_plus,67,,False,,,False,-3.303382527821996,,,,,,,,,
987dc254a6a200a0,2-firexport_basic_1789247966014.csv,110,legacy,min_k_plus_plus,68,,True,,,True,-1.4573055685847394,,,,,,,,,
987dc254a6a200a0,2-firexport_basic_1789247966014.csv,110,legacy,min_k_plus_plus,69,,True,,,False,-1.5466192440831381,,,,,,,,,
987dc254a6a200a0,2-firexport_basic_1789247966014.csv,110,legacy,min_k_plus_plus,70,,True,,,True,-1.2106120180273365,,,,,,,,,
987dc254a6a200a0,2-firexport_basic_1789247966014.csv,110,legacy,min_k_plus_plus,71,,True,,,False,-1.2810834397917716,,,,,,,,,
987dc254a6a200a0,2-firexport_basic_1789247966014.csv,110,legacy,min_k_plus_plus,72,,True,,,True,-1.4897491171825903,,,,,,,,,
987dc254a6a200a0,2-firexport_basic_1789247966014.csv,110,legacy,min_k_plus_plus,73,,True,,,False,-1.5462671678427788,,,,,,,,,
987dc254a6a200a0,2-firexport_basic_1789247966014.csv,110,legacy,min_k_plus_plus,74,,True,,,True,-1.2451926596222647,,,,,,,,,
987dc254a6a200a0,2-firexport_basic_1789247966014.csv,110,legacy,min_k_plus_plus,75,,True,,,False,-1.3220695177373447,,,,,,,,,
987dc254a6a200a0,2-firexport_basic_1789247966014.csv,110,legacy,min_k_plus_plus,76,,True,,,True,-2.0622990388479328,,,,,,,,,
987dc254a6a200a0,2-firexport_basic_1789247966014.csv,110,legacy,min_k_plus_plus,77,,True,,,False,-2.2388569697285097,,,,,,,,,
987dc254a6a200a0,2-firexport_basic_1789247966014.csv,110,legacy,min_k_plus_plus,78,,True,,,True,-2.4655478713509797,,,,,,,,,
987dc254a6a200a0,2-firexport_basic_1789247966014.csv,110,legacy,min_k_plus_plus,79,,True,,,False,-2.6547116016117704,,,,,,,,,
987dc254a6a200a0,2-firexport_basic_1789247966014.csv,110,legacy,min_k_plus_plus,80,,True,,,True,-2.679245605300049,,,,,,,,,
987dc254a6a200a0,2-firexport_basic_1789247966014.csv,110,legacy,min_k_plus_plus,81,,True,,,False,-2.85905341716869,,,,,,,,,
987dc254a6a200a0,2-firexport_basic_1789247966014.csv,110,legacy,min_k_plus_plus,82,,True,,,True,-1.381632014897207,,,,,,,,,
987dc254a6a200a0,2-firexport_basic_1789247966014.csv,110,legacy,min_k_plus_plus,83,,True,,,False,-1.5985309528971348,,,,,,,,,
987dc254a6a200a0,2-firexport_basic_1789247966014.csv,110,legacy,min_k_plus_plus,84,,True,,,True,-0.9993523089807038,,,,,,,,,
987dc254a6a200a0,2-firexport_basic_1789247966014.csv,110,legacy,min_k_plus_plus,85,,True,,,False,-1.1212870987682189,,,,,,,,,
987dc254a6a200a0,2-firexport_basic_1789247966014.csv,110,legacy,min_k_plus_plus,86,,True,,,True,-1.7774568101267465,,,,,,,,,
987dc254a6a200a0,2-firexport_basic_1789247966014.csv,110,legacy,min_k_plus_plus,87,,True,,,False,-2.089982633038452,,,,,,,,,
987dc254a6a200a0,2-firexport_basic_1789247966014.csv,110,legacy,min_k_plus_plus,88,,True,,,True,-1.9783635575699339,,,,,,,,,
987dc254a6a200a0,2-firexport_basic_1789247966014.csv,110,legacy,min_k_plus_plus,89,,True,,,False,-2.5948894454456557,,,,,,,,,
987dc254a6a200a0,2-firexport_basic_1789247966014.csv,110,legacy,min_k_plus_plus,90,,True,,,True,-0.9661470453800577,,,,,,,,,
987dc254a6a200a0,2-firexport_basic_1789247966014.csv,110,legacy,min_k_plus_plus,91,,True,,,False,-1.2067324089042444,,,,,,,,,
987dc254a6a200a0,2-firexport_basic_1789247966014.csv,110,legacy,min_k_plus_plus,92,,True,,,True,-2.039977566659522,,,,,,,,,
987dc254a6a200a0,2-firexport_basic_1789247966014.csv,110,legacy,min_k_plus_plus,93,,True,,,False,-2.211416239441937,,,,,,,,,
987dc254a6a200a0,2-firexport_basic_1789247966014.csv,110,legacy,min_k_plus_plus,94,,True,,,True,-1.6579687256516789,,,,,,,,,
987dc254a6a200a0,2-firexport_basic_1789247966014.csv,110,legacy,min_k_plus_plus,95,,True,,,False,-2.280138917859243,,,,,,,,,
987dc254a6a200a0,2-firexport_basic_1789247966014.csv,110,legacy,min_k_plus_plus,96,,True,,,True,-1.7281682228778914,,,,,,,,,
987dc254a6a200a0,2-firexport_basic_1789247966014.csv,110,legacy,min_k_plus_plus,97,,True,,,False,-1.9288061188770316,,,,,,,,,
987dc254a6a200a0,2-firexport_basic_1789247966014.csv,110,legacy,min_k_plus_plus,98,,True,,,True,-1.7983413093196496,,,,,,,,,
987dc254a6a200a0,2-firexport_basic_1789247966014.csv,110,legacy,min_k_plus_plus,99,,True,,,False,-2.189641679915829,,,,,,,,,
992060d374b27dc2,2-firexport_basic_1789247966014.csv,111,legacy,zlib,0,,True,,,True,-0.001989201639519363,,,,,,,,,
992060d374b27dc2,2-firexport_basic_1789247966014.csv,111,legacy,zlib,1,,True,,,False,-0.002065728726934214,,,,,,,,,
992060d374b27dc2,2-firexport_basic_1789247966014.csv,111,legacy,zlib,2,,True,,,True,-0.0018884092080788534,,,,,,,,,
992060d374b27dc2,2-firexport_basic_1789247966014.csv,111,legacy,zlib,3,,True,,,False,-0.0019565789425959354,,,,,,,,,
992060d374b27dc2,2-firexport_basic_1789247966014.csv,111,legacy,zlib,4,,True,,,True,-0.001957072678025449,,,,,,,,,
992060d374b27dc2,2-firexport_basic_1789247966014.csv,111,legacy,zlib,5,,True,,,False,-0.002068436317925849,,,,,,,,,
9932589736a6ac83,2-firexport_basic_1789247966014.csv,112,legacy,samia,0,,False,,,True,0.0196078431372549,,,,,,,,,
9932589736a6ac83,2-firexport_basic_1789247966014.csv,112,legacy,samia,1,,False,,,False,0.049019607843137254,,,,,,,,,
9932589736a6ac83,2-firexport_basic_1789247966014.csv,112,legacy,samia,2,,False,,,True,0.0990990990990991,,,,,,,,,
9932589736a6ac83,2-firexport_basic_1789247966014.csv,112,legacy,samia,3,,False,,,False,0.04504504504504505,,,,,,,,,
9932589736a6ac83,2-firexport_basic_1789247966014.csv,112,legacy,samia,4,,False,,,True,0.11764705882352942,,,,,,,,,
9932589736a6ac83,2-firexport_basic_1789247966014.csv,112,legacy,samia,5,,False,,,False,0.08823529411764706,,,,,,,,,
9a06f5bfce0550ad,2-firexport_basic_1789247966014.csv,113,legacy,neighborhood,0,,True,,,True,0.5960297584533691,,,,,,,,,
9a06f5bfce0550ad,2-firexport_basic_1789247966014.csv,113,legacy,neighborhood,1,,True,,,False,0.5690069198608398,,,,,,,,,
9a06f5bfce0550ad,2-firexport_basic_1789247966014.csv,113,legacy,neighborhood,2,,False,,,True,-0.15653745333353708,,,,,,,,,
9a06f5bfce0550ad,2-firexport_basic_1789247966014.csv,113,legacy,neighborhood,3,,False,,,False,-0.45829176902770996,,,,,,,,,
9a06f5bfce0550ad,2-firexport_basic_1789247966014.csv,113,legacy,neighborhood,4,,True,,,True,1.1279431978861494,,,,,,,,,
9a06f5bfce0550ad,2-firexport_basic_1789247966014.csv,113,legacy,neighborhood,5,,True,,,False,1.0975500742594404,,,,,,,,,
9c4dce399ce0eafe,2-firexport_basic_1789247966014.csv,114,legacy,min_k_plus_plus,0,,True,,,True,-1.0901287643765942,,,,,,,,,
9c4dce399ce0eafe,2-firexport_basic_1789247966014.csv,114,legacy,min_k_plus_plus,1,,True,,,False,-1.1098793874933646,,,,,,,,,
9c4dce399ce0eafe,2-firexport_basic_1789247966014.csv,114,legacy,min_k_plus_plus,2,,True,,,True,-2.1158800246659304,,,,,,,,,
9c4dce399ce0eafe,2-firexport_basic_1789247966014.csv,114,legacy,min_k_plus_plus,3,,True,,,False,-2.160899908925184,,,,,,,,,
9c4dce399ce0eafe,2-firexport_basic_1789247966014.csv,114,legacy,min_k_plus_plus,4,,True,,,True,-1.6316128484028687,,,,,,,,,
9c4dce399ce0eafe,2-firexport_basic_1789247966014.csv,114,legacy,min_k_plus_plus,5,,True,,,False,-1.6555391135607476,,,,,,,,,
9d0da95be20b7a72,2-firexport_basic_1789247966014.csv,116,legacy,wbc,0,,True,,,True,1,,,,,,,,,
9d0da95be20b7a72,2-firexport_basic_1789247966014.csv,116,legacy,wbc,1,,True,,,False,0.9830508474576272,,,,,,,,,
9d0da95be20b7a72,2-firexport_basic_1789247966014.csv,116,legacy,wbc,2,,True,,,True,1,,,,,,,,,
9d0da95be20b7a72,2-firexport_basic_1789247966014.csv,116,legacy,wbc,3,,True,,,False,0.9230769230769231,,,,,,,,,
9d0da95be20b7a72,2-firexport_basic_1789247966014.csv,116,legacy,wbc,4,,True,,,True,0.9891304347826086,,,,,,,,,
9d0da95be20b7a72,2-firexport_basic_1789247966014.csv,116,legacy,wbc,5,,True,,,False,0.8478260869565217,,,,,,,,,
9e313f19a1a1c39c,2-firexport_basic_1789247966014.csv,117,legacy,neighborhood,0,,True,,,True,2.0910712877909345,,,,,,,,,
9e313f19a1a1c39c,2-firexport_basic_1789247966014.csv,117,legacy,neighborhood,1,,True,,,False,1.8529218832651777,,,,,,,,,
9e313f19a1a1c39c,2-firexport_basic_1789247966014.csv,117,legacy,neighborhood,2,,True,,,True,1.7177298069000244,,,,,,,,,
9e313f19a1a1c39c,2-firexport_basic_1789247966014.csv,117,legacy,neighborhood,3,,True,,,False,1.4032067457834883,,,,,,,,,
9e313f19a1a1c39c,2-firexport_basic_1789247966014.csv,117,legacy,neighborhood,4,,True,,,True,1.2916701634724932,,,,,,,,,
9e313f19a1a1c39c,2-firexport_basic_1789247966014.csv,117,legacy,neighborhood,5,,True,,,False,1.1927638053894043,,,,,,,,,
9fe343dfa504e96f,2-firexport_basic_1789247966014.csv,118,legacy,reference,0,,True,,,True,0.2657279968261719,,,,,,,,,
9fe343dfa504e96f,2-firexport_basic_1789247966014.csv,118,legacy,reference,1,,False,,,False,0.055794715881347656,,,,,,,,,
9fe343dfa504e96f,2-firexport_basic_1789247966014.csv,118,legacy,reference,2,,False,,,True,0.19508981704711914,,,,,,,,,
9fe343dfa504e96f,2-firexport_basic_1789247966014.csv,118,legacy,reference,3,,False,,,False,0.07712364196777344,,,,,,,,,
9fe343dfa504e96f,2-firexport_basic_1789247966014.csv,118,legacy,reference,4,,False,,,True,0.1760423183441162,,,,,,,,,
9fe343dfa504e96f,2-firexport_basic_1789247966014.csv,118,legacy,reference,5,,False,,,False,0.06191444396972656,,,,,,,,,
a25bbb4013a5de56,2-firexport_basic_1789247966014.csv,121,legacy,neighborhood,0,,True,,,True,1.8694835503896075,,,,,,,,,
a25bbb4013a5de56,2-firexport_basic_1789247966014.csv,121,legacy,neighborhood,1,,True,,,False,1.8376200199127197,,,,,,,,,
a25bbb4013a5de56,2-firexport_basic_1789247966014.csv,121,legacy,neighborhood,2,,True,,,True,1.5660578409830732,,,,,,,,,
a25bbb4013a5de56,2-firexport_basic_1789247966014.csv,121,legacy,neighborhood,3,,True,,,False,1.3889271418253584,,,,,,,,,
a25bbb4013a5de56,2-firexport_basic_1789247966014.csv,121,legacy,neighborhood,4,,True,,,True,1.289986689885457,,,,,,,,,
a25bbb4013a5de56,2-firexport_basic_1789247966014.csv,121,legacy,neighborhood,5,,True,,,False,1.1970305442810059,,,,,,,,,
a3c01181a2b71363,2-firexport_basic_1789247966014.csv,122,legacy,spv_mia,0,,True,,,True,0.004562090245278658,,,,,,,,,
a3c01181a2b71363,2-firexport_basic_1789247966014.csv,122,legacy,spv_mia,1,,True,,,False,3.317668897815686e-05,,,,,,,,,
a3c01181a2b71363,2-firexport_basic_1789247966014.csv,122,legacy,spv_mia,2,,True,,,True,0.0011490801973485917,,,,,,,,,
a3c01181a2b71363,2-firexport_basic_1789247966014.csv,122,legacy,spv_mia,3,,True,,,False,0.0001347673434234477,,,,,,,,,
a3c01181a2b71363,2-firexport_basic_1789247966014.csv,122,legacy,spv_mia,4,,True,,,True,0.004003892671313412,,,,,,,,,
a3c01181a2b71363,2-firexport_basic_1789247966014.csv,122,legacy,spv_mia,5,,True,,,False,0.000690499109034382,,,,,,,,,
a45b140ef8b81f83,2-firexport_basic_1789247966014.csv,123,legacy,wbc,0,,True,,,True,0.9615384615384616,,,,,,,,,
a45b140ef8b81f83,2-firexport_basic_1789247966014.csv,123,legacy,wbc,1,,False,,,False,0.2564102564102564,,,,,,,,,
a45b140ef8b81f83,2-firexport_basic_1789247966014.csv,123,legacy,wbc,2,,True,,,True,1,,,,,,,,,
a45b140ef8b81f83,2-firexport_basic_1789247966014.csv,123,legacy,wbc,3,,True,,,False,0.7966101694915254,,,,,,,,,
a45b140ef8b81f83,2-firexport_basic_1789247966014.csv,123,legacy,wbc,4,,True,,,True,0.9832635983263598,,,,,,,,,
a45b140ef8b81f83,2-firexport_basic_1789247966014.csv,123,legacy,wbc,5,,True,,,False,0.8828451882845189,,,,,,,,,
a5e65499dd4c6115,2-firexport_basic_1789247966014.csv,124,legacy,spv_mia,0,,True,,,True,0.006875140963223263,,,,,,,,,
a5e65499dd4c6115,2-firexport_basic_1789247966014.csv,124,legacy,spv_mia,1,,True,,,False,0.002007407849789998,,,,,,,,,
a5e65499dd4c6115,2-firexport_basic_1789247966014.csv,124,legacy,spv_mia,2,,True,,,True,0.0006834920928651808,,,,,,,,,
a5e65499dd4c6115,2-firexport_basic_1789247966014.csv,124,legacy,spv_mia,3,,True,,,False,0.0001370936426682741,,,,,,,,,
a5e65499dd4c6115,2-firexport_basic_1789247966014.csv,124,legacy,spv_mia,4,,True,,,True,0.001817193721600381,,,,,,,,,
a5e65499dd4c6115,2-firexport_basic_1789247966014.csv,124,legacy,spv_mia,5,,True,,,False,0.0006359119487985851,,,,,,,,,
a98b5ee0a609e1fc,2-firexport_basic_1789247966014.csv,125,legacy,neighborhood,0,,True,,,True,1.7047629356384277,,,,,,,,,
a98b5ee0a609e1fc,2-firexport_basic_1789247966014.csv,125,legacy,neighborhood,1,,True,,,False,1.4979596932729082,,,,,,,,,
a98b5ee0a609e1fc,2-firexport_basic_1789247966014.csv,125,legacy,neighborhood,2,,True,,,True,1.6573694547017412,,,,,,,,,
a98b5ee0a609e1fc,2-firexport_basic_1789247966014.csv,125,legacy,neighborhood,3,,True,,,False,1.6329108874003095,,,,,,,,,
a98b5ee0a609e1fc,2-firexport_basic_1789247966014.csv,125,legacy,neighborhood,4,,True,,,True,1.1321005821228027,,,,,,,,,
a98b5ee0a609e1fc,2-firexport_basic_1789247966014.csv,125,legacy,neighborhood,5,,True,,,False,0.9002541700998945,,,,,,,,,
a9cb52270da42cf2,2-firexport_basic_1789247966014.csv,126,legacy,samia,0,,False,,,True,0,,,,,,,,,
a9cb52270da42cf2,2-firexport_basic_1789247966014.csv,126,legacy,samia,1,,False,,,False,0,,,,,,,,,
a9cb52270da42cf2,2-firexport_basic_1789247966014.csv,126,legacy,samia,2,,False,,,True,0.2222222222222222,,,,,,,,,
a9cb52270da42cf2,2-firexport_basic_1789247966014.csv,126,legacy,samia,3,,False,,,False,0.2777777777777778,,,,,,,,,
a9cb52270da42cf2,2-firexport_basic_1789247966014.csv,126,legacy,samia,4,,False,,,True,0.16666666666666666,,,,,,,,,
a9cb52270da42cf2,2-firexport_basic_1789247966014.csv,126,legacy,samia,5,,False,,,False,0.20833333333333334,,,,,,,,,
aa6fa08da03d6b1204ace91e,2-firexport_basic_1789247966014.csv,127,legacy,amia,0,,True,,,True,18.078125,,4,,,,,,,
aa6fa08da03d6b1204ace91e,2-firexport_basic_1789247966014.csv,127,legacy,amia,1,,False,,,False,0,,4,,,,,,,
aa6fa08da03d6b1204ace91e,2-firexport_basic_1789247966014.csv,127,legacy,amia,2,,True,,,True,18.078125,,4,,,,,,,
aa6fa08da03d6b1204ace91e,2-firexport_basic_1789247966014.csv,127,legacy,amia,3,,False,,,False,0,,4,,,,,,,
aa6fa08da03d6b1204ace91e,2-firexport_basic_1789247966014.csv,127,legacy,amia,4,,True,,,True,18.078123092651367,,4,,,,,,,
aa6fa08da03d6b1204ace91e,2-firexport_basic_1789247966014.csv,127,legacy,amia,5,,False,,,False,0,,4,,,,,,,
abfa345acbf3cdc7,2-firexport_basic_1789247966014.csv,128,legacy,min_k,0,,False,,,True,-8.055499458312989,,,,,,,,,
abfa345acbf3cdc7,2-firexport_basic_1789247966014.csv,128,legacy,min_k,1,,False,,,False,-8.30832462310791,,,,,,,,,
abfa345acbf3cdc7,2-firexport_basic_1789247966014.csv,128,legacy,min_k,2,,False,,,True,-9.25205373764038,,,,,,,,,
abfa345acbf3cdc7,2-firexport_basic_1789247966014.csv,128,legacy,min_k,3,,False,,,False,-9.505052248636881,,,,,,,,,
abfa345acbf3cdc7,2-firexport_basic_1789247966014.csv,128,legacy,min_k,4,,False,,,True,-9.088839101791383,,,,,,,,,
abfa345acbf3cdc7,2-firexport_basic_1789247966014.csv,128,legacy,min_k,5,,False,,,False,-9.286137342453003,,,,,,,,,
adf014c7f50ef6da,2-firexport_basic_1789247966014.csv,131,legacy,recall,0,,False,,,True,0.9567622565424884,,,,,,,,,
adf014c7f50ef6da,2-firexport_basic_1789247966014.csv,131,legacy,recall,1,,False,,,False,0.9483402393996571,,,,,,,,,
adf014c7f50ef6da,2-firexport_basic_1789247966014.csv,131,legacy,recall,2,,False,,,True,1.048383874866237,,,,,,,,,
adf014c7f50ef6da,2-firexport_basic_1789247966014.csv,131,legacy,recall,3,,False,,,False,1.0383827101932914,,,,,,,,,
adf014c7f50ef6da,2-firexport_basic_1789247966014.csv,131,legacy,recall,4,,False,,,True,1.045776040802009,,,,,,,,,
adf014c7f50ef6da,2-firexport_basic_1789247966014.csv,131,legacy,recall,5,,False,,,False,1.0400541332912032,,,,,,,,,
b0258fc79a7bfd37,2-firexport_basic_1789247966014.csv,132,legacy,zlib,0,,False,,,True,-0.0070733193840299335,,,,,,,,,
b0258fc79a7bfd37,2-firexport_basic_1789247966014.csv,132,legacy,zlib,1,,False,,,False,-0.007331736031032744,,,,,,,,,
b0258fc79a7bfd37,2-firexport_basic_1789247966014.csv,132,legacy,zlib,2,,False,,,True,-0.009741282308256471,,,,,,,,,
b0258fc79a7bfd37,2-firexport_basic_1789247966014.csv,132,legacy,zlib,3,,False,,,False,-0.0099508971362919,,,,,,,,,
b0258fc79a7bfd37,2-firexport_basic_1789247966014.csv,132,legacy,zlib,4,,True,,,True,-0.005662269968735544,,,,,,,,,
b0258fc79a7bfd37,2-firexport_basic_1789247966014.csv,132,legacy,zlib,5,,False,,,False,-0.0061012255518059985,,,,,,,,,
b079e79da2326de3,2-firexport_basic_1789247966014.csv,133,legacy,samia,0,,False,,,True,0.09523809523809523,,,,,,,,,
b079e79da2326de3,2-firexport_basic_1789247966014.csv,133,legacy,samia,1,,False,,,False,0.09523809523809523,,,,,,,,,
b079e79da2326de3,2-firexport_basic_1789247966014.csv,133,legacy,samia,2,,False,,,True,0,,,,,,,,,
b079e79da2326de3,2-firexport_basic_1789247966014.csv,133,legacy,samia,3,,False,,,False,0,,,,,,,,,
b079e79da2326de3,2-firexport_basic_1789247966014.csv,133,legacy,samia,4,,False,,,True,0.1111111111111111,,,,,,,,,
b079e79da2326de3,2-firexport_basic_1789247966014.csv,133,legacy,samia,5,,False,,,False,0.05555555555555555,,,,,,,,,
b5e407d5c251f6b7,2-firexport_basic_1789247966014.csv,134,legacy,neighborhood,0,,True,,,True,2.120916922887166,,,,,,,,,
b5e407d5c251f6b7,2-firexport_basic_1789247966014.csv,134,legacy,neighborhood,1,,True,,,False,1.857396125793457,,,,,,,,,
b5e407d5c251f6b7,2-firexport_basic_1789247966014.csv,134,legacy,neighborhood,2,,True,,,True,1.7441582679748535,,,,,,,,,
b5e407d5c251f6b7,2-firexport_basic_1789247966014.csv,134,legacy,neighborhood,3,,True,,,False,1.4004832108815508,,,,,,,,,
b5e407d5c251f6b7,2-firexport_basic_1789247966014.csv,134,legacy,neighborhood,4,,True,,,True,1.3278969128926592,,,,,,,,,
b5e407d5c251f6b7,2-firexport_basic_1789247966014.csv,134,legacy,neighborhood,5,,True,,,False,1.1886963844299316,,,,,,,,,
b63073d518f1a962,2-firexport_basic_1789247966014.csv,135,legacy,recall,0,,True,,,True,1.1526081453247672,,,,,,,,,
b63073d518f1a962,2-firexport_basic_1789247966014.csv,135,legacy,recall,1,,True,,,False,1.1399791123739558,,,,,,,,,
b63073d518f1a962,2-firexport_basic_1789247966014.csv,135,legacy,recall,2,,True,,,True,1.0777025371106066,,,,,,,,,
b63073d518f1a962,2-firexport_basic_1789247966014.csv,135,legacy,recall,3,,True,,,False,1.067723501023292,,,,,,,,,
b63073d518f1a962,2-firexport_basic_1789247966014.csv,135,legacy,recall,4,,True,,,True,1.1309857322907264,,,,,,,,,
b63073d518f1a962,2-firexport_basic_1789247966014.csv,135,legacy,recall,5,,True,,,False,1.1224413402137052,,,,,,,,,
b6ea098bdfa7f668,2-firexport_basic_1789247966014.csv,136,legacy,samia,0,,False,,,True,0,,,,,,,,,
b6ea098bdfa7f668,2-firexport_basic_1789247966014.csv,136,legacy,samia,1,,False,,,False,0,,,,,,,,,
b6ea098bdfa7f668,2-firexport_basic_1789247966014.csv,136,legacy,samia,2,,False,,,True,0.05555555555555555,,,,,,,,,
b6ea098bdfa7f668,2-firexport_basic_1789247966014.csv,136,legacy,samia,3,,False,,,False,0.05555555555555555,,,,,,,,,
b6ea098bdfa7f668,2-firexport_basic_1789247966014.csv,136,legacy,samia,4,,False,,,True,0.05555555555555555,,,,,,,,,
b6ea098bdfa7f668,2-firexport_basic_1789247966014.csv,136,legacy,samia,5,,False,,,False,0,,,,,,,,,
b70c07e19160aa8a,2-firexport_basic_1789247966014.csv,137,legacy,reference,0,,False,,,True,0.09996652603149414,,,,,,,,,
b70c07e19160aa8a,2-firexport_basic_1789247966014.csv,137,legacy,reference,1,,False,,,False,-0.06843757629394531,,,,,,,,,
b70c07e19160aa8a,2-firexport_basic_1789247966014.csv,137,legacy,reference,2,,True,,,True,0.402829647064209,,,,,,,,,
b70c07e19160aa8a,2-firexport_basic_1789247966014.csv,137,legacy,reference,3,,False,,,False,0.08036375045776367,,,,,,,,,
b70c07e19160aa8a,2-firexport_basic_1789247966014.csv,137,legacy,reference,4,,False,,,True,0.2494029998779297,,,,,,,,,
b70c07e19160aa8a,2-firexport_basic_1789247966014.csv,137,legacy,reference,5,,False,,,False,0.06980276107788086,,,,,,,,,
b7501970e0095b75,2-firexport_basic_1789247966014.csv,138,legacy,spv_mia,0,,True,,,True,0.0014443079525469412,,,,,,,,,
b7501970e0095b75,2-firexport_basic_1789247966014.csv,138,legacy,spv_mia,1,,True,,,False,0.0001473624056438378,,,,,,,,,
b7501970e0095b75,2-firexport_basic_1789247966014.csv,138,legacy,spv_mia,2,,True,,,True,0.0004985659106132032,,,,,,,,,
b7501970e0095b75,2-firexport_basic_1789247966014.csv,138,legacy,spv_mia,3,,True,,,False,3.172863891638851e-05,,,,,,,,,
b7501970e0095b75,2-firexport_basic_1789247966014.csv,138,legacy,spv_mia,4,,True,,,True,0.0027527353779453825,,,,,,,,,
b7501970e0095b75,2-firexport_basic_1789247966014.csv,138,legacy,spv_mia,5,,True,,,False,0.0009524512404029753,,,,,,,,,
b87fe0170c4f279f,2-firexport_basic_1789247966014.csv,140,legacy,samia,0,,False,,,True,0.05555555555555555,,,,,,,,,
b87fe0170c4f279f,2-firexport_basic_1789247966014.csv,140,legacy,samia,1,,False,,,False,0.1111111111111111,,,,,,,,,
b87fe0170c4f279f,2-firexport_basic_1789247966014.csv,140,legacy,samia,2,,False,,,True,0.20000000000000004,,,,,,,,,
b87fe0170c4f279f,2-firexport_basic_1789247966014.csv,140,legacy,samia,3,,False,,,False,0.06666666666666667,,,,,,,,,
b87fe0170c4f279f,2-firexport_basic_1789247966014.csv,140,legacy,samia,4,,False,,,True,0.047619047619047616,,,,,,,,,
b87fe0170c4f279f,2-firexport_basic_1789247966014.csv,140,legacy,samia,5,,False,,,False,0,,,,,,,,,
b9373c825fcb1ced,2-firexport_basic_1789247966014.csv,141,legacy,zlib,0,,False,,,True,-0.01333942342160353,,,,,,,,,
b9373c825fcb1ced,2-firexport_basic_1789247966014.csv,141,legacy,zlib,1,,False,,,False,-0.013673038625005466,,,,,,,,,
b9373c825fcb1ced,2-firexport_basic_1789247966014.csv,141,legacy,zlib,2,,False,,,True,-0.008447375390436742,,,,,,,,,
b9373c825fcb1ced,2-firexport_basic_1789247966014.csv,141,legacy,zlib,3,,False,,,False,-0.008889345379618855,,,,,,,,,
b9373c825fcb1ced,2-firexport_basic_1789247966014.csv,141,legacy,zlib,4,,False,,,True,-0.007503632938160616,,,,,,,,,
b9373c825fcb1ced,2-firexport_basic_1789247966014.csv,141,legacy,zlib,5,,False,,,False,-0.007894579102011287,,,,,,,,,
b9cd0b73f710bfe628719b5c,2-firexport_basic_1789247966014.csv,143,legacy,amia,0,,True,,,True,23.475902557373047,,4,,,,,,,
b9cd0b73f710bfe628719b5c,2-firexport_basic_1789247966014.csv,143,legacy,amia,1,,False,,,False,0,,4,,,,,,,
b9cd0b73f710bfe628719b5c,2-firexport_basic_1789247966014.csv,143,legacy,amia,2,,True,,,True,23.475902557373047,,4,,,,,,,
b9cd0b73f710bfe628719b5c,2-firexport_basic_1789247966014.csv,143,legacy,amia,3,,False,,,False,0,,4,,,,,,,
b9cd0b73f710bfe628719b5c,2-firexport_basic_1789247966014.csv,143,legacy,amia,4,,True,,,True,23.475902557373047,,4,,,,,,,
b9cd0b73f710bfe628719b5c,2-firexport_basic_1789247966014.csv,143,legacy,amia,5,,False,,,False,0,,4,,,,,,,
badef0729b228ec2,2-firexport_basic_1789247966014.csv,144,legacy,min_k,0,,False,,,True,-8.37971556186676,,,,,,,,,
badef0729b228ec2,2-firexport_basic_1789247966014.csv,144,legacy,min_k,1,,False,,,False,-8.44792091846466,,,,,,,,,
badef0729b228ec2,2-firexport_basic_1789247966014.csv,144,legacy,min_k,2,,False,,,True,-9.303098360697428,,,,,,,,,
badef0729b228ec2,2-firexport_basic_1789247966014.csv,144,legacy,min_k,3,,False,,,False,-9.354676882425943,,,,,,,,,
badef0729b228ec2,2-firexport_basic_1789247966014.csv,144,legacy,min_k,4,,False,,,True,-9.84593802690506,,,,,,,,,
badef0729b228ec2,2-firexport_basic_1789247966014.csv,144,legacy,min_k,5,,False,,,False,-9.929637551307678,,,,,,,,,
bc4ed6fd68c97a0c,2-firexport_basic_1789247966014.csv,145,legacy,min_k,0,,False,,,True,-8.274702429771423,,,,,,,,,
bc4ed6fd68c97a0c,2-firexport_basic_1789247966014.csv,145,legacy,min_k,1,,False,,,False,-8.488200426101685,,,,,,,,,
bc4ed6fd68c97a0c,2-firexport_basic_1789247966014.csv,145,legacy,min_k,2,,False,,,True,-8.985623041788736,,,,,,,,,
bc4ed6fd68c97a0c,2-firexport_basic_1789247966014.csv,145,legacy,min_k,3,,False,,,False,-9.361319224039713,,,,,,,,,
bc4ed6fd68c97a0c,2-firexport_basic_1789247966014.csv,145,legacy,min_k,4,,False,,,True,-9.678966522216797,,,,,,,,,
bc4ed6fd68c97a0c,2-firexport_basic_1789247966014.csv,145,legacy,min_k,5,,False,,,False,-9.955901503562927,,,,,,,,,
bf2a7c782e48d3d5,2-firexport_basic_1789247966014.csv,146,legacy,min_k_plus_plus,0,,True,,,True,-1.8968088239090442,,,,,,,,,
bf2a7c782e48d3d5,2-firexport_basic_1789247966014.csv,146,legacy,min_k_plus_plus,1,,True,,,False,-1.9853805003316471,,,,,,,,,
bf2a7c782e48d3d5,2-firexport_basic_1789247966014.csv,146,legacy,min_k_plus_plus,2,,True,,,True,-1.5773899426708928,,,,,,,,,
bf2a7c782e48d3d5,2-firexport_basic_1789247966014.csv,146,legacy,min_k_plus_plus,3,,True,,,False,-1.6976867095441714,,,,,,,,,
bf2a7c782e48d3d5,2-firexport_basic_1789247966014.csv,146,legacy,min_k_plus_plus,4,,True,,,True,-1.0733065387983176,,,,,,,,,
bf2a7c782e48d3d5,2-firexport_basic_1789247966014.csv,146,legacy,min_k_plus_plus,5,,True,,,False,-1.1076247912220605,,,,,,,,,
c0fcca34e3e814d6,2-firexport_basic_1789247966014.csv,147,legacy,neighborhood,0,,True,,,True,1.9864137172698975,,,,,,,,,
c0fcca34e3e814d6,2-firexport_basic_1789247966014.csv,147,legacy,neighborhood,1,,True,,,False,1.8102567990620928,,,,,,,,,
c0fcca34e3e814d6,2-firexport_basic_1789247966014.csv,147,legacy,neighborhood,2,,True,,,True,1.6382631460825605,,,,,,,,,
c0fcca34e3e814d6,2-firexport_basic_1789247966014.csv,147,legacy,neighborhood,3,,True,,,False,1.3362847169240313,,,,,,,,,
c0fcca34e3e814d6,2-firexport_basic_1789247966014.csv,147,legacy,neighborhood,4,,True,,,True,1.3251729806264239,,,,,,,,,
c0fcca34e3e814d6,2-firexport_basic_1789247966014.csv,147,legacy,neighborhood,5,,True,,,False,1.202906608581543,,,,,,,,,
c0fcca34e3e814d6,2-firexport_basic_1789247966014.csv,147,legacy,neighborhood,6,,True,,,True,2.0349808533986407,,,,,,,,,
c0fcca34e3e814d6,2-firexport_basic_1789247966014.csv,147,legacy,neighborhood,7,,True,,,False,1.7829647064208984,,,,,,,,,
c0fcca34e3e814d6,2-firexport_basic_1789247966014.csv,147,legacy,neighborhood,8,,True,,,True,1.9816029866536455,,,,,,,,,
c0fcca34e3e814d6,2-firexport_basic_1789247966014.csv,147,legacy,neighborhood,9,,True,,,False,1.929122845331828,,,,,,,,,
c0fcca34e3e814d6,2-firexport_basic_1789247966014.csv,147,legacy,neighborhood,10,,True,,,True,1.492388327916463,,,,,,,,,
c0fcca34e3e814d6,2-firexport_basic_1789247966014.csv,147,legacy,neighborhood,11,,True,,,False,1.5828807353973389,,,,,,,,,
c0fcca34e3e814d6,2-firexport_basic_1789247966014.csv,147,legacy,neighborhood,12,,True,,,True,2.1094785531361895,,,,,,,,,
c0fcca34e3e814d6,2-firexport_basic_1789247966014.csv,147,legacy,neighborhood,13,,True,,,False,2.1662850379943848,,,,,,,,,
c0fcca34e3e814d6,2-firexport_basic_1789247966014.csv,147,legacy,neighborhood,14,,True,,,True,0.7660894393920898,,,,,,,,,
c0fcca34e3e814d6,2-firexport_basic_1789247966014.csv,147,legacy,neighborhood,15,,True,,,False,0.7091570695241289,,,,,,,,,
c0fcca34e3e814d6,2-firexport_basic_1789247966014.csv,147,legacy,neighborhood,16,,True,,,True,2.3745229244232178,,,,,,,,,
c0fcca34e3e814d6,2-firexport_basic_1789247966014.csv,147,legacy,neighborhood,17,,True,,,False,2.2168465455373125,,,,,,,,,
c0fcca34e3e814d6,2-firexport_basic_1789247966014.csv,147,legacy,neighborhood,18,,True,,,True,0.911809841791789,,,,,,,,,
c0fcca34e3e814d6,2-firexport_basic_1789247966014.csv,147,legacy,neighborhood,19,,True,,,False,0.7684801419576006,,,,,,,,,
c0fcca34e3e814d6,2-firexport_basic_1789247966014.csv,147,legacy,neighborhood,20,,True,,,True,2.077386061350505,,,,,,,,,
c0fcca34e3e814d6,2-firexport_basic_1789247966014.csv,147,legacy,neighborhood,21,,True,,,False,1.9478869438171387,,,,,,,,,
c0fcca34e3e814d6,2-firexport_basic_1789247966014.csv,147,legacy,neighborhood,22,,True,,,True,2.222797393798828,,,,,,,,,
c0fcca34e3e814d6,2-firexport_basic_1789247966014.csv,147,legacy,neighborhood,23,,True,,,False,2.0163474082946777,,,,,,,,,
c0fcca34e3e814d6,2-firexport_basic_1789247966014.csv,147,legacy,neighborhood,24,,True,,,True,0.9167110125223799,,,,,,,,,
c0fcca34e3e814d6,2-firexport_basic_1789247966014.csv,147,legacy,neighborhood,25,,True,,,False,0.5770903428395586,,,,,,,,,
c0fcca34e3e814d6,2-firexport_basic_1789247966014.csv,147,legacy,neighborhood,26,,True,,,True,1.3365623950958252,,,,,,,,,
c0fcca34e3e814d6,2-firexport_basic_1789247966014.csv,147,legacy,neighborhood,27,,True,,,False,1.166284243265788,,,,,,,,,
c0fcca34e3e814d6,2-firexport_basic_1789247966014.csv,147,legacy,neighborhood,28,,True,,,True,2.360462347666423,,,,,,,,,
c0fcca34e3e814d6,2-firexport_basic_1789247966014.csv,147,legacy,neighborhood,29,,True,,,False,2.182393153508504,,,,,,,,,
c0fcca34e3e814d6,2-firexport_basic_1789247966014.csv,147,legacy,neighborhood,30,,True,,,True,0.8034272193908691,,,,,,,,,
c0fcca34e3e814d6,2-firexport_basic_1789247966014.csv,147,legacy,neighborhood,31,,True,,,False,0.7809818585713701,,,,,,,,,
c0fcca34e3e814d6,2-firexport_basic_1789247966014.csv,147,legacy,neighborhood,32,,True,,,True,2.682721694310506,,,,,,,,,
c0fcca34e3e814d6,2-firexport_basic_1789247966014.csv,147,legacy,neighborhood,33,,True,,,False,2.653035481770833,,,,,,,,,
c0fcca34e3e814d6,2-firexport_basic_1789247966014.csv,147,legacy,neighborhood,34,,True,,,True,1.1256071726481123,,,,,,,,,
c0fcca34e3e814d6,2-firexport_basic_1789247966014.csv,147,legacy,neighborhood,35,,True,,,False,0.9515014489491778,,,,,,,,,
c0fcca34e3e814d6,2-firexport_basic_1789247966014.csv,147,legacy,neighborhood,36,,True,,,True,1.7967040538787842,,,,,,,,,
c0fcca34e3e814d6,2-firexport_basic_1789247966014.csv,147,legacy,neighborhood,37,,True,,,False,1.619577169418335,,,,,,,,,
c0fcca34e3e814d6,2-firexport_basic_1789247966014.csv,147,legacy,neighborhood,38,,True,,,True,2.184173345565796,,,,,,,,,
c0fcca34e3e814d6,2-firexport_basic_1789247966014.csv,147,legacy,neighborhood,39,,True,,,False,1.986815134684245,,,,,,,,,
c0fcca34e3e814d6,2-firexport_basic_1789247966014.csv,147,legacy,neighborhood,40,,True,,,True,2.240042209625244,,,,,,,,,
c0fcca34e3e814d6,2-firexport_basic_1789247966014.csv,147,legacy,neighborhood,41,,True,,,False,2.2798945903778076,,,,,,,,,
c0fcca34e3e814d6,2-firexport_basic_1789247966014.csv,147,legacy,neighborhood,42,,True,,,True,1.7945035298665362,,,,,,,,,
c0fcca34e3e814d6,2-firexport_basic_1789247966014.csv,147,legacy,neighborhood,43,,True,,,False,1.726464033126831,,,,,,,,,
c0fcca34e3e814d6,2-firexport_basic_1789247966014.csv,147,legacy,neighborhood,44,,True,,,True,1.1848552227020264,,,,,,,,,
c0fcca34e3e814d6,2-firexport_basic_1789247966014.csv,147,legacy,neighborhood,45,,True,,,False,1.03856102625529,,,,,,,,,
c0fcca34e3e814d6,2-firexport_basic_1789247966014.csv,147,legacy,neighborhood,46,,True,,,True,2.506139437357585,,,,,,,,,
c0fcca34e3e814d6,2-firexport_basic_1789247966014.csv,147,legacy,neighborhood,47,,True,,,False,2.236248731613159,,,,,,,,,
c0fcca34e3e814d6,2-firexport_basic_1789247966014.csv,147,legacy,neighborhood,48,,True,,,True,2.127391656239827,,,,,,,,,
c0fcca34e3e814d6,2-firexport_basic_1789247966014.csv,147,legacy,neighborhood,49,,True,,,False,2.0123674869537354,,,,,,,,,
c0fcca34e3e814d6,2-firexport_basic_1789247966014.csv,147,legacy,neighborhood,50,,True,,,True,0.7669645945231123,,,,,,,,,
c0fcca34e3e814d6,2-firexport_basic_1789247966014.csv,147,legacy,neighborhood,51,,True,,,False,0.5637275377909345,,,,,,,,,
c0fcca34e3e814d6,2-firexport_basic_1789247966014.csv,147,legacy,neighborhood,52,,True,,,True,1.4707511266072588,,,,,,,,,
c0fcca34e3e814d6,2-firexport_basic_1789247966014.csv,147,legacy,neighborhood,53,,True,,,False,1.2572639783223467,,,,,,,,,
c0fcca34e3e814d6,2-firexport_basic_1789247966014.csv,147,legacy,neighborhood,54,,True,,,True,0.5423489411671953,,,,,,,,,
c0fcca34e3e814d6,2-firexport_basic_1789247966014.csv,147,legacy,neighborhood,55,,True,,,False,0.6109271049499512,,,,,,,,,
c0fcca34e3e814d6,2-firexport_basic_1789247966014.csv,147,legacy,neighborhood,56,,True,,,True,1.3899831771850586,,,,,,,,,
c0fcca34e3e814d6,2-firexport_basic_1789247966014.csv,147,legacy,neighborhood,57,,True,,,False,1.1530091762542725,,,,,,,,,
c0fcca34e3e814d6,2-firexport_basic_1789247966014.csv,147,legacy,neighborhood,58,,True,,,True,0.880390803019206,,,,,,,,,
c0fcca34e3e814d6,2-firexport_basic_1789247966014.csv,147,legacy,neighborhood,59,,True,,,False,0.985172351201375,,,,,,,,,
c0fcca34e3e814d6,2-firexport_basic_1789247966014.csv,147,legacy,neighborhood,60,,True,,,True,1.477188030878703,,,,,,,,,
c0fcca34e3e814d6,2-firexport_basic_1789247966014.csv,147,legacy,neighborhood,61,,True,,,False,1.007212559382121,,,,,,,,,
c0fcca34e3e814d6,2-firexport_basic_1789247966014.csv,147,legacy,neighborhood,62,,True,,,True,2.006841818491618,,,,,,,,,
c0fcca34e3e814d6,2-firexport_basic_1789247966014.csv,147,legacy,neighborhood,63,,True,,,False,1.9716114203135175,,,,,,,,,
c0fcca34e3e814d6,2-firexport_basic_1789247966014.csv,147,legacy,neighborhood,64,,True,,,True,1.5120046933492022,,,,,,,,,
c0fcca34e3e814d6,2-firexport_basic_1789247966014.csv,147,legacy,neighborhood,65,,True,,,False,1.326610167821248,,,,,,,,,
c0fcca34e3e814d6,2-firexport_basic_1789247966014.csv,147,legacy,neighborhood,66,,True,,,True,1.1135133902231855,,,,,,,,,
c0fcca34e3e814d6,2-firexport_basic_1789247966014.csv,147,legacy,neighborhood,67,,True,,,False,1.0505479971567793,,,,,,,,,
c0fcca34e3e814d6,2-firexport_basic_1789247966014.csv,147,legacy,neighborhood,68,,True,,,True,1.9598327477773028,,,,,,,,,
c0fcca34e3e814d6,2-firexport_basic_1789247966014.csv,147,legacy,neighborhood,69,,True,,,False,1.8263080914815264,,,,,,,,,
c0fcca34e3e814d6,2-firexport_basic_1789247966014.csv,147,legacy,neighborhood,70,,True,,,True,2.7023461659749346,,,,,,,,,
c0fcca34e3e814d6,2-firexport_basic_1789247966014.csv,147,legacy,neighborhood,71,,True,,,False,2.637777805328369,,,,,,,,,
c0fcca34e3e814d6,2-firexport_basic_1789247966014.csv,147,legacy,neighborhood,72,,True,,,True,1.029674132664998,,,,,,,,,
c0fcca34e3e814d6,2-firexport_basic_1789247966014.csv,147,legacy,neighborhood,73,,True,,,False,0.9398391246795654,,,,,,,,,
c0fcca34e3e814d6,2-firexport_basic_1789247966014.csv,147,legacy,neighborhood,74,,True,,,True,1.9581507841746015,,,,,,,,,
c0fcca34e3e814d6,2-firexport_basic_1789247966014.csv,147,legacy,neighborhood,75,,True,,,False,1.759095748265584,,,,,,,,,
c0fcca34e3e814d6,2-firexport_basic_1789247966014.csv,147,legacy,neighborhood,76,,True,,,True,0.9113711516062422,,,,,,,,,
c0fcca34e3e814d6,2-firexport_basic_1789247966014.csv,147,legacy,neighborhood,77,,True,,,False,0.9112011591593427,,,,,,,,,
c0fcca34e3e814d6,2-firexport_basic_1789247966014.csv,147,legacy,neighborhood,78,,True,,,True,1.0156737168629961,,,,,,,,,
c0fcca34e3e814d6,2-firexport_basic_1789247966014.csv,147,legacy,neighborhood,79,,True,,,False,0.9459852377573652,,,,,,,,,
c0fcca34e3e814d6,2-firexport_basic_1789247966014.csv,147,legacy,neighborhood,80,,True,,,True,0.5674107074737549,,,,,,,,,
c0fcca34e3e814d6,2-firexport_basic_1789247966014.csv,147,legacy,neighborhood,81,,True,,,False,0.4182571570078535,,,,,,,,,
c0fcca34e3e814d6,2-firexport_basic_1789247966014.csv,147,legacy,neighborhood,82,,True,,,True,1.5987695058186846,,,,,,,,,
c0fcca34e3e814d6,2-firexport_basic_1789247966014.csv,147,legacy,neighborhood,83,,True,,,False,1.420956452687581,,,,,,,,,
c0fcca34e3e814d6,2-firexport_basic_1789247966014.csv,147,legacy,neighborhood,84,,True,,,True,1.6806970437367754,,,,,,,,,
c0fcca34e3e814d6,2-firexport_basic_1789247966014.csv,147,legacy,neighborhood,85,,True,,,False,1.5442294279734297,,,,,,,,,
c0fcca34e3e814d6,2-firexport_basic_1789247966014.csv,147,legacy,neighborhood,86,,True,,,True,2.1804460684458418,,,,,,,,,
c0fcca34e3e814d6,2-firexport_basic_1789247966014.csv,147,legacy,neighborhood,87,,True,,,False,2.0161021550496416,,,,,,,,,
c0fcca34e3e814d6,2-firexport_basic_1789247966014.csv,147,legacy,neighborhood,88,,True,,,True,0.9035334587097168,,,,,,,,,
c0fcca34e3e814d6,2-firexport_basic_1789247966014.csv,147,legacy,neighborhood,89,,True,,,False,0.9004253546396894,,,,,,,,,
c0fcca34e3e814d6,2-firexport_basic_1789247966014.csv,147,legacy,neighborhood,90,,True,,,True,1.055246988932292,,,,,,,,,
c0fcca34e3e814d6,2-firexport_basic_1789247966014.csv,147,legacy,neighborhood,91,,True,,,False,0.9176195462544756,,,,,,,,,
c0fcca34e3e814d6,2-firexport_basic_1789247966014.csv,147,legacy,neighborhood,92,,True,,,True,1.5329880714416504,,,,,,,,,
c0fcca34e3e814d6,2-firexport_basic_1789247966014.csv,147,legacy,neighborhood,93,,True,,,False,1.3759498596191406,,,,,,,,,
c0fcca34e3e814d6,2-firexport_basic_1789247966014.csv,147,legacy,neighborhood,94,,True,,,True,1.979264259338379,,,,,,,,,
c0fcca34e3e814d6,2-firexport_basic_1789247966014.csv,147,legacy,neighborhood,95,,True,,,False,1.6878070036570234,,,,,,,,,
c0fcca34e3e814d6,2-firexport_basic_1789247966014.csv,147,legacy,neighborhood,96,,True,,,True,1.2964131832122803,,,,,,,,,
c0fcca34e3e814d6,2-firexport_basic_1789247966014.csv,147,legacy,neighborhood,97,,True,,,False,1.2622793515523272,,,,,,,,,
c0fcca34e3e814d6,2-firexport_basic_1789247966014.csv,147,legacy,neighborhood,98,,True,,,True,1.4751965999603271,,,,,,,,,
c0fcca34e3e814d6,2-firexport_basic_1789247966014.csv,147,legacy,neighborhood,99,,True,,,False,1.294639190038045,,,,,,,,,
c35dcb10d09d72d4,2-firexport_basic_1789247966014.csv,148,legacy,zlib,0,,False,,,True,-0.008342528535473731,,,,,,,,,
c35dcb10d09d72d4,2-firexport_basic_1789247966014.csv,148,legacy,zlib,1,,False,,,False,-0.008791748554475846,,,,,,,,,
c35dcb10d09d72d4,2-firexport_basic_1789247966014.csv,148,legacy,zlib,2,,True,,,True,-0.004857545313627824,,,,,,,,,
c35dcb10d09d72d4,2-firexport_basic_1789247966014.csv,148,legacy,zlib,3,,True,,,False,-0.005057544293610946,,,,,,,,,
c35dcb10d09d72d4,2-firexport_basic_1789247966014.csv,148,legacy,zlib,4,,False,,,True,-0.007921727224328053,,,,,,,,,
c35dcb10d09d72d4,2-firexport_basic_1789247966014.csv,148,legacy,zlib,5,,False,,,False,-0.008381279720657173,,,,,,,,,
c544038b72bb5c11,2-firexport_basic_1789247966014.csv,149,legacy,wbc,0,,True,,,True,1,,,,,,,,,
c544038b72bb5c11,2-firexport_basic_1789247966014.csv,149,legacy,wbc,1,,False,,,False,0.48717948717948717,,,,,,,,,
c544038b72bb5c11,2-firexport_basic_1789247966014.csv,149,legacy,wbc,2,,True,,,True,1,,,,,,,,,
c544038b72bb5c11,2-firexport_basic_1789247966014.csv,149,legacy,wbc,3,,False,,,False,0.5915492957746479,,,,,,,,,
c544038b72bb5c11,2-firexport_basic_1789247966014.csv,149,legacy,wbc,4,,True,,,True,0.98989898989899,,,,,,,,,
c544038b72bb5c11,2-firexport_basic_1789247966014.csv,149,legacy,wbc,5,,True,,,False,0.7878787878787878,,,,,,,,,
c595f3a93f634259,2-firexport_basic_1789247966014.csv,150,legacy,zlib,0,,True,,,True,-0.005731074289343823,,,,,,,,,
c595f3a93f634259,2-firexport_basic_1789247966014.csv,150,legacy,zlib,1,,False,,,False,-0.006226121694192119,,,,,,,,,
c595f3a93f634259,2-firexport_basic_1789247966014.csv,150,legacy,zlib,2,,False,,,True,-0.007851080803931513,,,,,,,,,
c595f3a93f634259,2-firexport_basic_1789247966014.csv,150,legacy,zlib,3,,False,,,False,-0.008996195430997053,,,,,,,,,
c595f3a93f634259,2-firexport_basic_1789247966014.csv,150,legacy,zlib,4,,True,,,True,-0.004869042451565082,,,,,,,,,
c595f3a93f634259,2-firexport_basic_1789247966014.csv,150,legacy,zlib,5,,True,,,False,-0.005199724435806274,,,,,,,,,
cc3fec0618458a47,2-firexport_basic_1789247966014.csv,154,legacy,min_k_plus_plus,0,,True,,,True,-0.9317861321801955,,,,,,,,,
cc3fec0618458a47,2-firexport_basic_1789247966014.csv,154,legacy,min_k_plus_plus,1,,True,,,False,-1.0667879551091703,,,,,,,,,
cc3fec0618458a47,2-firexport_basic_1789247966014.csv,154,legacy,min_k_plus_plus,2,,True,,,True,-1.3319793138367768,,,,,,,,,
cc3fec0618458a47,2-firexport_basic_1789247966014.csv,154,legacy,min_k_plus_plus,3,,True,,,False,-1.7323646417257068,,,,,,,,,
cc3fec0618458a47,2-firexport_basic_1789247966014.csv,154,legacy,min_k_plus_plus,4,,True,,,True,-1.7990302435965864,,,,,,,,,
cc3fec0618458a47,2-firexport_basic_1789247966014.csv,154,legacy,min_k_plus_plus,5,,True,,,False,-1.8810177201595413,,,,,,,,,
cc66bfa89355f21e,2-firexport_basic_1789247966014.csv,155,legacy,neighborhood,0,,True,,,True,2.6707032521565752,,,,,,,,,
cc66bfa89355f21e,2-firexport_basic_1789247966014.csv,155,legacy,neighborhood,1,,True,,,False,2.6175473531087237,,,,,,,,,
cc66bfa89355f21e,2-firexport_basic_1789247966014.csv,155,legacy,neighborhood,2,,True,,,True,1.0295318762461347,,,,,,,,,
cc66bfa89355f21e,2-firexport_basic_1789247966014.csv,155,legacy,neighborhood,3,,True,,,False,0.889989773432414,,,,,,,,,
cc66bfa89355f21e,2-firexport_basic_1789247966014.csv,155,legacy,neighborhood,4,,True,,,True,1.7541023095448809,,,,,,,,,
cc66bfa89355f21e,2-firexport_basic_1789247966014.csv,155,legacy,neighborhood,5,,True,,,False,1.690993309020996,,,,,,,,,
ccf489b6dad44c11,2-firexport_basic_1789247966014.csv,156,legacy,samia,0,,False,,,True,0,,,,,,,,,
ccf489b6dad44c11,2-firexport_basic_1789247966014.csv,156,legacy,samia,1,,False,,,False,0.09523809523809523,,,,,,,,,
ccf489b6dad44c11,2-firexport_basic_1789247966014.csv,156,legacy,samia,2,,False,,,True,0,,,,,,,,,
ccf489b6dad44c11,2-firexport_basic_1789247966014.csv,156,legacy,samia,3,,False,,,False,0,,,,,,,,,
ccf489b6dad44c11,2-firexport_basic_1789247966014.csv,156,legacy,samia,4,,False,,,True,0.08333333333333333,,,,,,,,,
ccf489b6dad44c11,2-firexport_basic_1789247966014.csv,156,legacy,samia,5,,False,,,False,0,,,,,,,,,
ccf933459ff50c36,2-firexport_basic_1789247966014.csv,157,legacy,recall,0,,True,,,True,1.23579917336435,,,,,,,,,
ccf933459ff50c36,2-firexport_basic_1789247966014.csv,157,legacy,recall,1,,True,,,False,1.1979564547122579,,,,,,,,,
ccf933459ff50c36,2-firexport_basic_1789247966014.csv,157,legacy,recall,2,,True,,,True,1.1477132136387325,,,,,,,,,
ccf933459ff50c36,2-firexport_basic_1789247966014.csv,157,legacy,recall,3,,True,,,False,1.0963616800865896,,,,,,,,,
ccf933459ff50c36,2-firexport_basic_1789247966014.csv,157,legacy,recall,4,,False,,,True,1.0389676545821944,,,,,,,,,
ccf933459ff50c36,2-firexport_basic_1789247966014.csv,157,legacy,recall,5,,False,,,False,1.0279436567780238,,,,,,,,,
d06e65e196c0822b,2-firexport_basic_1789247966014.csv,160,legacy,min_k_plus_plus,0,,True,,,True,-1.0901953194408949,,,,,,,,,
d06e65e196c0822b,2-firexport_basic_1789247966014.csv,160,legacy,min_k_plus_plus,1,,True,,,False,-1.0992998763426698,,,,,,,,,
d06e65e196c0822b,2-firexport_basic_1789247966014.csv,160,legacy,min_k_plus_plus,2,,True,,,True,-1.95402324110695,,,,,,,,,
d06e65e196c0822b,2-firexport_basic_1789247966014.csv,160,legacy,min_k_plus_plus,3,,True,,,False,-2.1448952475479874,,,,,,,,,
d06e65e196c0822b,2-firexport_basic_1789247966014.csv,160,legacy,min_k_plus_plus,4,,True,,,True,-1.5251056979715136,,,,,,,,,
d06e65e196c0822b,2-firexport_basic_1789247966014.csv,160,legacy,min_k_plus_plus,5,,True,,,False,-1.6455512924600693,,,,,,,,,
d22077eda170c4a1,2-firexport_basic_1789247966014.csv,161,legacy,min_k_plus_plus,0,,True,,,True,-1.2273413459892406,,,,,,,,,
d22077eda170c4a1,2-firexport_basic_1789247966014.csv,161,legacy,min_k_plus_plus,1,,True,,,False,-1.2531523958882393,,,,,,,,,
d22077eda170c4a1,2-firexport_basic_1789247966014.csv,161,legacy,min_k_plus_plus,2,,True,,,True,-1.4527699052650218,,,,,,,,,
d22077eda170c4a1,2-firexport_basic_1789247966014.csv,161,legacy,min_k_plus_plus,3,,True,,,False,-1.5335685810307798,,,,,,,,,
d22077eda170c4a1,2-firexport_basic_1789247966014.csv,161,legacy,min_k_plus_plus,4,,True,,,True,-1.2460265080029473,,,,,,,,,
d22077eda170c4a1,2-firexport_basic_1789247966014.csv,161,legacy,min_k_plus_plus,5,,True,,,False,-1.3330342434164228,,,,,,,,,
d386579e1d73fff6,2-firexport_basic_1789247966014.csv,162,legacy,samia,0,,False,,,True,0.027777777777777776,,,,,,,,,
d386579e1d73fff6,2-firexport_basic_1789247966014.csv,162,legacy,samia,1,,False,,,False,0.13888888888888887,,,,,,,,,
d386579e1d73fff6,2-firexport_basic_1789247966014.csv,162,legacy,samia,2,,False,,,True,0,,,,,,,,,
d386579e1d73fff6,2-firexport_basic_1789247966014.csv,162,legacy,samia,3,,False,,,False,0,,,,,,,,,
d386579e1d73fff6,2-firexport_basic_1789247966014.csv,162,legacy,samia,4,,False,,,True,0.2619047619047619,,,,,,,,,
d386579e1d73fff6,2-firexport_basic_1789247966014.csv,162,legacy,samia,5,,False,,,False,0.07142857142857142,,,,,,,,,
d4596d125121524da56690f1,2-firexport_basic_1789247966014.csv,163,legacy,amia,0,,True,,,True,21.922683715820312,,4,,,,,,,
d4596d125121524da56690f1,2-firexport_basic_1789247966014.csv,163,legacy,amia,1,,False,,,False,0,,4,,,,,,,
d4596d125121524da56690f1,2-firexport_basic_1789247966014.csv,163,legacy,amia,2,,True,,,True,21.922683715820312,,4,,,,,,,
d4596d125121524da56690f1,2-firexport_basic_1789247966014.csv,163,legacy,amia,3,,False,,,False,0,,4,,,,,,,
d4596d125121524da56690f1,2-firexport_basic_1789247966014.csv,163,legacy,amia,4,,True,,,True,21.922683715820312,,4,,,,,,,
d4596d125121524da56690f1,2-firexport_basic_1789247966014.csv,163,legacy,amia,5,,False,,,False,0,,4,,,,,,,
d620efe8bd2b013e3d013bc5,2-firexport_basic_1789247966014.csv,164,legacy,amia,0,,True,,,True,23.313945770263672,,4,,,,,,,
d620efe8bd2b013e3d013bc5,2-firexport_basic_1789247966014.csv,164,legacy,amia,1,,False,,,False,0,,4,,,,,,,
d620efe8bd2b013e3d013bc5,2-firexport_basic_1789247966014.csv,164,legacy,amia,2,,True,,,True,23.313945770263672,,4,,,,,,,
d620efe8bd2b013e3d013bc5,2-firexport_basic_1789247966014.csv,164,legacy,amia,3,,False,,,False,0,,4,,,,,,,
d620efe8bd2b013e3d013bc5,2-firexport_basic_1789247966014.csv,164,legacy,amia,4,,True,,,True,23.313945770263672,,4,,,,,,,
d620efe8bd2b013e3d013bc5,2-firexport_basic_1789247966014.csv,164,legacy,amia,5,,False,,,False,0,,4,,,,,,,
d795ff26eac75b07,2-firexport_basic_1789247966014.csv,165,legacy,neighborhood,0,,True,,,True,1.3180190722147627,,,,,,,,,
d795ff26eac75b07,2-firexport_basic_1789247966014.csv,165,legacy,neighborhood,1,,True,,,False,1.2105681896209717,,,,,,,,,
d795ff26eac75b07,2-firexport_basic_1789247966014.csv,165,legacy,neighborhood,2,,True,,,True,0.07996431986490915,,,,,,,,,
d795ff26eac75b07,2-firexport_basic_1789247966014.csv,165,legacy,neighborhood,3,,True,,,False,0.05475370089213083,,,,,,,,,
d795ff26eac75b07,2-firexport_basic_1789247966014.csv,165,legacy,neighborhood,4,,True,,,True,0.6783947944641113,,,,,,,,,
d795ff26eac75b07,2-firexport_basic_1789247966014.csv,165,legacy,neighborhood,5,,True,,,False,0.5874749024709063,,,,,,,,,
d90c4eff88e0cf9a,2-firexport_basic_1789247966014.csv,166,legacy,min_k,0,,False,,,True,-8.342479228973389,,,,,,,,,
d90c4eff88e0cf9a,2-firexport_basic_1789247966014.csv,166,legacy,min_k,1,,False,,,False,-8.497943758964539,,,,,,,,,
d90c4eff88e0cf9a,2-firexport_basic_1789247966014.csv,166,legacy,min_k,2,,False,,,True,-8.986019134521484,,,,,,,,,
d90c4eff88e0cf9a,2-firexport_basic_1789247966014.csv,166,legacy,min_k,3,,False,,,False,-9.42202345530192,,,,,,,,,
d90c4eff88e0cf9a,2-firexport_basic_1789247966014.csv,166,legacy,min_k,4,,False,,,True,-9.691413700580597,,,,,,,,,
d90c4eff88e0cf9a,2-firexport_basic_1789247966014.csv,166,legacy,min_k,5,,False,,,False,-9.942242920398712,,,,,,,,,
d90c4eff88e0cf9a,2-firexport_basic_1789247966014.csv,166,legacy,min_k,6,,False,,,True,-10.137965774536132,,,,,,,,,
d90c4eff88e0cf9a,2-firexport_basic_1789247966014.csv,166,legacy,min_k,7,,False,,,False,-10.609597396850585,,,,,,,,,
d90c4eff88e0cf9a,2-firexport_basic_1789247966014.csv,166,legacy,min_k,8,,False,,,True,-7.715210556983948,,,,,,,,,
d90c4eff88e0cf9a,2-firexport_basic_1789247966014.csv,166,legacy,min_k,9,,False,,,False,-8.329308986663818,,,,,,,,,
d90c4eff88e0cf9a,2-firexport_basic_1789247966014.csv,166,legacy,min_k,10,,False,,,True,-9.152608553568522,,,,,,,,,
d90c4eff88e0cf9a,2-firexport_basic_1789247966014.csv,166,legacy,min_k,11,,False,,,False,-9.32741403579712,,,,,,,,,
d90c4eff88e0cf9a,2-firexport_basic_1789247966014.csv,166,legacy,min_k,12,,False,,,True,-9.616704940795898,,,,,,,,,
d90c4eff88e0cf9a,2-firexport_basic_1789247966014.csv,166,legacy,min_k,13,,False,,,False,-9.797585010528564,,,,,,,,,
d90c4eff88e0cf9a,2-firexport_basic_1789247966014.csv,166,legacy,min_k,14,,False,,,True,-9.365404605865479,,,,,,,,,
d90c4eff88e0cf9a,2-firexport_basic_1789247966014.csv,166,legacy,min_k,15,,False,,,False,-9.606262275150844,,,,,,,,,
d90c4eff88e0cf9a,2-firexport_basic_1789247966014.csv,166,legacy,min_k,16,,False,,,True,-8.89712381362915,,,,,,,,,
d90c4eff88e0cf9a,2-firexport_basic_1789247966014.csv,166,legacy,min_k,17,,False,,,False,-9.218991994857788,,,,,,,,,
d90c4eff88e0cf9a,2-firexport_basic_1789247966014.csv,166,legacy,min_k,18,,False,,,True,-11.006048440933228,,,,,,,,,
d90c4eff88e0cf9a,2-firexport_basic_1789247966014.csv,166,legacy,min_k,19,,False,,,False,-11.355331420898438,,,,,,,,,
d90c4eff88e0cf9a,2-firexport_basic_1789247966014.csv,166,legacy,min_k,20,,False,,,True,-9.226832032203674,,,,,,,,,
d90c4eff88e0cf9a,2-firexport_basic_1789247966014.csv,166,legacy,min_k,21,,False,,,False,-9.404521226882935,,,,,,,,,
d90c4eff88e0cf9a,2-firexport_basic_1789247966014.csv,166,legacy,min_k,22,,False,,,True,-9.07935380935669,,,,,,,,,
d90c4eff88e0cf9a,2-firexport_basic_1789247966014.csv,166,legacy,min_k,23,,False,,,False,-9.28392243385315,,,,,,,,,
d90c4eff88e0cf9a,2-firexport_basic_1789247966014.csv,166,legacy,min_k,24,,False,,,True,-12.082472085952759,,,,,,,,,
d90c4eff88e0cf9a,2-firexport_basic_1789247966014.csv,166,legacy,min_k,25,,False,,,False,-12.671590805053711,,,,,,,,,
d90c4eff88e0cf9a,2-firexport_basic_1789247966014.csv,166,legacy,min_k,26,,False,,,True,-7.324315357208252,,,,,,,,,
d90c4eff88e0cf9a,2-firexport_basic_1789247966014.csv,166,legacy,min_k,27,,False,,,False,-7.542487335205078,,,,,,,,,
d90c4eff88e0cf9a,2-firexport_basic_1789247966014.csv,166,legacy,min_k,28,,False,,,True,-9.20460901260376,,,,,,,,,
d90c4eff88e0cf9a,2-firexport_basic_1789247966014.csv,166,legacy,min_k,29,,False,,,False,-9.505156135559082,,,,,,,,,
d90c4eff88e0cf9a,2-firexport_basic_1789247966014.csv,166,legacy,min_k,30,,False,,,True,-9.930519104003906,,,,,,,,,
d90c4eff88e0cf9a,2-firexport_basic_1789247966014.csv,166,legacy,min_k,31,,False,,,False,-10.166639804840088,,,,,,,,,
d90c4eff88e0cf9a,2-firexport_basic_1789247966014.csv,166,legacy,min_k,32,,False,,,True,-8.802837562561034,,,,,,,,,
d90c4eff88e0cf9a,2-firexport_basic_1789247966014.csv,166,legacy,min_k,33,,False,,,False,-9.151343536376952,,,,,,,,,
d90c4eff88e0cf9a,2-firexport_basic_1789247966014.csv,166,legacy,min_k,34,,False,,,True,-8.919066619873046,,,,,,,,,
d90c4eff88e0cf9a,2-firexport_basic_1789247966014.csv,166,legacy,min_k,35,,False,,,False,-9.381518650054932,,,,,,,,,
d90c4eff88e0cf9a,2-firexport_basic_1789247966014.csv,166,legacy,min_k,36,,False,,,True,-7.915469646453857,,,,,,,,,
d90c4eff88e0cf9a,2-firexport_basic_1789247966014.csv,166,legacy,min_k,37,,False,,,False,-8.02094292640686,,,,,,,,,
d90c4eff88e0cf9a,2-firexport_basic_1789247966014.csv,166,legacy,min_k,38,,False,,,True,-10.030623118082682,,,,,,,,,
d90c4eff88e0cf9a,2-firexport_basic_1789247966014.csv,166,legacy,min_k,39,,False,,,False,-10.311395327250162,,,,,,,,,
d90c4eff88e0cf9a,2-firexport_basic_1789247966014.csv,166,legacy,min_k,40,,False,,,True,-8.686625480651855,,,,,,,,,
d90c4eff88e0cf9a,2-firexport_basic_1789247966014.csv,166,legacy,min_k,41,,False,,,False,-9.067559242248535,,,,,,,,,
d90c4eff88e0cf9a,2-firexport_basic_1789247966014.csv,166,legacy,min_k,42,,False,,,True,-8.349294662475586,,,,,,,,,
d90c4eff88e0cf9a,2-firexport_basic_1789247966014.csv,166,legacy,min_k,43,,False,,,False,-8.448418617248535,,,,,,,,,
d90c4eff88e0cf9a,2-firexport_basic_1789247966014.csv,166,legacy,min_k,44,,False,,,True,-9.008263969421387,,,,,,,,,
d90c4eff88e0cf9a,2-firexport_basic_1789247966014.csv,166,legacy,min_k,45,,False,,,False,-9.327658653259277,,,,,,,,,
d90c4eff88e0cf9a,2-firexport_basic_1789247966014.csv,166,legacy,min_k,46,,False,,,True,-7.9451271295547485,,,,,,,,,
d90c4eff88e0cf9a,2-firexport_basic_1789247966014.csv,166,legacy,min_k,47,,False,,,False,-8.106037139892578,,,,,,,,,
d90c4eff88e0cf9a,2-firexport_basic_1789247966014.csv,166,legacy,min_k,48,,False,,,True,-8.678241491317749,,,,,,,,,
d90c4eff88e0cf9a,2-firexport_basic_1789247966014.csv,166,legacy,min_k,49,,False,,,False,-8.854514479637146,,,,,,,,,
d90c4eff88e0cf9a,2-firexport_basic_1789247966014.csv,166,legacy,min_k,50,,False,,,True,-10.807728052139282,,,,,,,,,
d90c4eff88e0cf9a,2-firexport_basic_1789247966014.csv,166,legacy,min_k,51,,False,,,False,-11.445711294809977,,,,,,,,,
d90c4eff88e0cf9a,2-firexport_basic_1789247966014.csv,166,legacy,min_k,52,,False,,,True,-8.055811564127604,,,,,,,,,
d90c4eff88e0cf9a,2-firexport_basic_1789247966014.csv,166,legacy,min_k,53,,False,,,False,-8.359015464782715,,,,,,,,,
d90c4eff88e0cf9a,2-firexport_basic_1789247966014.csv,166,legacy,min_k,54,,False,,,True,-10.160076904296876,,,,,,,,,
d90c4eff88e0cf9a,2-firexport_basic_1789247966014.csv,166,legacy,min_k,55,,False,,,False,-10.727831649780274,,,,,,,,,
d90c4eff88e0cf9a,2-firexport_basic_1789247966014.csv,166,legacy,min_k,56,,False,,,True,-8.165613969167074,,,,,,,,,
d90c4eff88e0cf9a,2-firexport_basic_1789247966014.csv,166,legacy,min_k,57,,False,,,False,-9.01852798461914,,,,,,,,,
d90c4eff88e0cf9a,2-firexport_basic_1789247966014.csv,166,legacy,min_k,58,,False,,,True,-9.105631828308105,,,,,,,,,
d90c4eff88e0cf9a,2-firexport_basic_1789247966014.csv,166,legacy,min_k,59,,False,,,False,-9.44473934173584,,,,,,,,,
d90c4eff88e0cf9a,2-firexport_basic_1789247966014.csv,166,legacy,min_k,60,,False,,,True,-9.924515724182129,,,,,,,,,
d90c4eff88e0cf9a,2-firexport_basic_1789247966014.csv,166,legacy,min_k,61,,False,,,False,-10.31210994720459,,,,,,,,,
d90c4eff88e0cf9a,2-firexport_basic_1789247966014.csv,166,legacy,min_k,62,,False,,,True,-10.596056620279947,,,,,,,,,
d90c4eff88e0cf9a,2-firexport_basic_1789247966014.csv,166,legacy,min_k,63,,False,,,False,-11.165248235066732,,,,,,,,,
d90c4eff88e0cf9a,2-firexport_basic_1789247966014.csv,166,legacy,min_k,64,,False,,,True,-9.47381591796875,,,,,,,,,
d90c4eff88e0cf9a,2-firexport_basic_1789247966014.csv,166,legacy,min_k,65,,False,,,False,-9.783270597457886,,,,,,,,,
d90c4eff88e0cf9a,2-firexport_basic_1789247966014.csv,166,legacy,min_k,66,,False,,,True,-10.84499912261963,,,,,,,,,
d90c4eff88e0cf9a,2-firexport_basic_1789247966014.csv,166,legacy,min_k,67,,False,,,False,-11.338331031799317,,,,,,,,,
d90c4eff88e0cf9a,2-firexport_basic_1789247966014.csv,166,legacy,min_k,68,,False,,,True,-8.628580490748087,,,,,,,,,
d90c4eff88e0cf9a,2-firexport_basic_1789247966014.csv,166,legacy,min_k,69,,False,,,False,-8.7815793355306,,,,,,,,,
d90c4eff88e0cf9a,2-firexport_basic_1789247966014.csv,166,legacy,min_k,70,,False,,,True,-9.877427101135254,,,,,,,,,
d90c4eff88e0cf9a,2-firexport_basic_1789247966014.csv,166,legacy,min_k,71,,False,,,False,-9.92746098836263,,,,,,,,,
d90c4eff88e0cf9a,2-firexport_basic_1789247966014.csv,166,legacy,min_k,72,,False,,,True,-11.099818229675293,,,,,,,,,
d90c4eff88e0cf9a,2-firexport_basic_1789247966014.csv,166,legacy,min_k,73,,False,,,False,-11.212892532348633,,,,,,,,,
d90c4eff88e0cf9a,2-firexport_basic_1789247966014.csv,166,legacy,min_k,74,,False,,,True,-8.644047498703003,,,,,,,,,
d90c4eff88e0cf9a,2-firexport_basic_1789247966014.csv,166,legacy,min_k,75,,False,,,False,-8.910356640815735,,,,,,,,,
d90c4eff88e0cf9a,2-firexport_basic_1789247966014.csv,166,legacy,min_k,76,,False,,,True,-11.12111790974935,,,,,,,,,
d90c4eff88e0cf9a,2-firexport_basic_1789247966014.csv,166,legacy,min_k,77,,False,,,False,-11.451028188069662,,,,,,,,,
d90c4eff88e0cf9a,2-firexport_basic_1789247966014.csv,166,legacy,min_k,78,,False,,,True,-10.773963451385498,,,,,,,,,
d90c4eff88e0cf9a,2-firexport_basic_1789247966014.csv,166,legacy,min_k,79,,False,,,False,-11.091583013534546,,,,,,,,,
d90c4eff88e0cf9a,2-firexport_basic_1789247966014.csv,166,legacy,min_k,80,,False,,,True,-10.311075846354166,,,,,,,,,
d90c4eff88e0cf9a,2-firexport_basic_1789247966014.csv,166,legacy,min_k,81,,False,,,False,-10.615988413492838,,,,,,,,,
d90c4eff88e0cf9a,2-firexport_basic_1789247966014.csv,166,legacy,min_k,82,,False,,,True,-9.445371627807617,,,,,,,,,
d90c4eff88e0cf9a,2-firexport_basic_1789247966014.csv,166,legacy,min_k,83,,False,,,False,-9.906582514444986,,,,,,,,,
d90c4eff88e0cf9a,2-firexport_basic_1789247966014.csv,166,legacy,min_k,84,,False,,,True,-7.7561141649882,,,,,,,,,
d90c4eff88e0cf9a,2-firexport_basic_1789247966014.csv,166,legacy,min_k,85,,False,,,False,-7.984048525492351,,,,,,,,,
d90c4eff88e0cf9a,2-firexport_basic_1789247966014.csv,166,legacy,min_k,86,,False,,,True,-8.973328709602356,,,,,,,,,
d90c4eff88e0cf9a,2-firexport_basic_1789247966014.csv,166,legacy,min_k,87,,False,,,False,-9.33706796169281,,,,,,,,,
d90c4eff88e0cf9a,2-firexport_basic_1789247966014.csv,166,legacy,min_k,88,,False,,,True,-10.454269647598267,,,,,,,,,
d90c4eff88e0cf9a,2-firexport_basic_1789247966014.csv,166,legacy,min_k,89,,False,,,False,-10.803312063217163,,,,,,,,,
d90c4eff88e0cf9a,2-firexport_basic_1789247966014.csv,166,legacy,min_k,90,,False,,,True,-9.0331392288208,,,,,,,,,
d90c4eff88e0cf9a,2-firexport_basic_1789247966014.csv,166,legacy,min_k,91,,False,,,False,-9.721280733744303,,,,,,,,,
d90c4eff88e0cf9a,2-firexport_basic_1789247966014.csv,166,legacy,min_k,92,,False,,,True,-9.785619894663492,,,,,,,,,
d90c4eff88e0cf9a,2-firexport_basic_1789247966014.csv,166,legacy,min_k,93,,False,,,False,-10.147514661153158,,,,,,,,,
d90c4eff88e0cf9a,2-firexport_basic_1789247966014.csv,166,legacy,min_k,94,,False,,,True,-10.04363842010498,,,,,,,,,
d90c4eff88e0cf9a,2-firexport_basic_1789247966014.csv,166,legacy,min_k,95,,False,,,False,-10.548140144348144,,,,,,,,,
d90c4eff88e0cf9a,2-firexport_basic_1789247966014.csv,166,legacy,min_k,96,,False,,,True,-9.620603680610657,,,,,,,,,
d90c4eff88e0cf9a,2-firexport_basic_1789247966014.csv,166,legacy,min_k,97,,False,,,False,-10.286736011505127,,,,,,,,,
d90c4eff88e0cf9a,2-firexport_basic_1789247966014.csv,166,legacy,min_k,98,,False,,,True,-10.835915088653564,,,,,,,,,
d90c4eff88e0cf9a,2-firexport_basic_1789247966014.csv,166,legacy,min_k,99,,False,,,False,-11.308215141296387,,,,,,,,,
d94ae12b1674d8c0,2-firexport_basic_1789247966014.csv,167,legacy,recall,0,,True,,,True,1.2053776377672638,,,,,,,,,
d94ae12b1674d8c0,2-firexport_basic_1789247966014.csv,167,legacy,recall,1,,True,,,False,1.200758702413547,,,,,,,,,
d94ae12b1674d8c0,2-firexport_basic_1789247966014.csv,167,legacy,recall,2,,True,,,True,1.0925452646276328,,,,,,,,,
d94ae12b1674d8c0,2-firexport_basic_1789247966014.csv,167,legacy,recall,3,,True,,,False,1.0878488504953503,,,,,,,,,
d94ae12b1674d8c0,2-firexport_basic_1789247966014.csv,167,legacy,recall,4,,False,,,True,1.0284232199068188,,,,,,,,,
d94ae12b1674d8c0,2-firexport_basic_1789247966014.csv,167,legacy,recall,5,,False,,,False,1.0268176241748983,,,,,,,,,
d996c0ebaa59da88,2-firexport_basic_1789247966014.csv,168,legacy,spv_mia,0,,True,,,True,0.0015464003950955377,,,,,,,,,
d996c0ebaa59da88,2-firexport_basic_1789247966014.csv,168,legacy,spv_mia,1,,False,,,False,-5.4115699685835725e-05,,,,,,,,,
d996c0ebaa59da88,2-firexport_basic_1789247966014.csv,168,legacy,spv_mia,2,,True,,,True,0.0004292081586909288,,,,,,,,,
d996c0ebaa59da88,2-firexport_basic_1789247966014.csv,168,legacy,spv_mia,3,,False,,,False,-6.453343022224528e-05,,,,,,,,,
d996c0ebaa59da88,2-firexport_basic_1789247966014.csv,168,legacy,spv_mia,4,,True,,,True,0.001367286081722291,,,,,,,,,
d996c0ebaa59da88,2-firexport_basic_1789247966014.csv,168,legacy,spv_mia,5,,True,,,False,2.0457992213765777e-05,,,,,,,,,
dc85fa13898c897f,2-firexport_basic_1789247966014.csv,170,legacy,spv_mia,0,,True,,,True,0.0008324808701684538,,,,,,,,,
dc85fa13898c897f,2-firexport_basic_1789247966014.csv,170,legacy,spv_mia,1,,True,,,False,8.303919372012851e-06,,,,,,,,,
dc85fa13898c897f,2-firexport_basic_1789247966014.csv,170,legacy,spv_mia,2,,True,,,True,0.0003136540388639726,,,,,,,,,
dc85fa13898c897f,2-firexport_basic_1789247966014.csv,170,legacy,spv_mia,3,,True,,,False,0.0001839429121872464,,,,,,,,,
dc85fa13898c897f,2-firexport_basic_1789247966014.csv,170,legacy,spv_mia,4,,True,,,True,0.0023679148173583464,,,,,,,,,
dc85fa13898c897f,2-firexport_basic_1789247966014.csv,170,legacy,spv_mia,5,,True,,,False,0.00015871173177096562,,,,,,,,,
e0a38c1a87c6affb,2-firexport_basic_1789247966014.csv,173,legacy,recall,0,,False,,,True,0.6759501277215798,,,,,,,,,
e0a38c1a87c6affb,2-firexport_basic_1789247966014.csv,173,legacy,recall,1,,False,,,False,0.6745375166335712,,,,,,,,,
e0a38c1a87c6affb,2-firexport_basic_1789247966014.csv,173,legacy,recall,2,,False,,,True,0.6936243497834748,,,,,,,,,
e0a38c1a87c6affb,2-firexport_basic_1789247966014.csv,173,legacy,recall,3,,False,,,False,0.6836124636991241,,,,,,,,,
e0a38c1a87c6affb,2-firexport_basic_1789247966014.csv,173,legacy,recall,4,,False,,,True,0.732838703527349,,,,,,,,,
e0a38c1a87c6affb,2-firexport_basic_1789247966014.csv,173,legacy,recall,5,,False,,,False,0.7103197551004296,,,,,,,,,
e17f62803876e09a,2-firexport_basic_1789247966014.csv,174,legacy,zlib,0,,False,,,True,-0.005896389484405518,,,,,,,,,
e17f62803876e09a,2-firexport_basic_1789247966014.csv,174,legacy,zlib,1,,False,,,False,-0.006206791976402546,,,,,,,,,
e17f62803876e09a,2-firexport_basic_1789247966014.csv,174,legacy,zlib,2,,False,,,True,-0.008476332773136187,,,,,,,,,
e17f62803876e09a,2-firexport_basic_1789247966014.csv,174,legacy,zlib,3,,False,,,False,-0.009039855456050438,,,,,,,,,
e17f62803876e09a,2-firexport_basic_1789247966014.csv,174,legacy,zlib,4,,True,,,True,-0.005047789445290198,,,,,,,,,
e17f62803876e09a,2-firexport_basic_1789247966014.csv,174,legacy,zlib,5,,True,,,False,-0.005222894136722271,,,,,,,,,
e17f62803876e09a,2-firexport_basic_1789247966014.csv,174,legacy,zlib,6,,True,,,True,-0.005562495951559029,,,,,,,,,
e17f62803876e09a,2-firexport_basic_1789247966014.csv,174,legacy,zlib,7,,False,,,False,-0.006056700267043768,,,,,,,,,
e17f62803876e09a,2-firexport_basic_1789247966014.csv,174,legacy,zlib,8,,True,,,True,-0.005453609187027504,,,,,,,,,
e17f62803876e09a,2-firexport_basic_1789247966014.csv,174,legacy,zlib,9,,False,,,False,-0.006104054807246417,,,,,,,,,
e17f62803876e09a,2-firexport_basic_1789247966014.csv,174,legacy,zlib,10,,False,,,True,-0.007170184219584746,,,,,,,,,
e17f62803876e09a,2-firexport_basic_1789247966014.csv,174,legacy,zlib,11,,False,,,False,-0.007531266352709602,,,,,,,,,
e17f62803876e09a,2-firexport_basic_1789247966014.csv,174,legacy,zlib,12,,True,,,True,-0.005730950704184911,,,,,,,,,
e17f62803876e09a,2-firexport_basic_1789247966014.csv,174,legacy,zlib,13,,False,,,False,-0.006129510300133818,,,,,,,,,
e17f62803876e09a,2-firexport_basic_1789247966014.csv,174,legacy,zlib,14,,True,,,True,-0.003969675569391962,,,,,,,,,
e17f62803876e09a,2-firexport_basic_1789247966014.csv,174,legacy,zlib,15,,True,,,False,-0.004088839488242989,,,,,,,,,
e17f62803876e09a,2-firexport_basic_1789247966014.csv,174,legacy,zlib,16,,False,,,True,-0.006094818993618614,,,,,,,,,
e17f62803876e09a,2-firexport_basic_1789247966014.csv,174,legacy,zlib,17,,False,,,False,-0.006530535848517167,,,,,,,,,
e17f62803876e09a,2-firexport_basic_1789247966014.csv,174,legacy,zlib,18,,False,,,True,-0.00856367905031551,,,,,,,,,
e17f62803876e09a,2-firexport_basic_1789247966014.csv,174,legacy,zlib,19,,False,,,False,-0.009136149829084223,,,,,,,,,
e17f62803876e09a,2-firexport_basic_1789247966014.csv,174,legacy,zlib,20,,True,,,True,-0.005473843373750386,,,,,,,,,
e17f62803876e09a,2-firexport_basic_1789247966014.csv,174,legacy,zlib,21,,True,,,False,-0.0057556390762329105,,,,,,,,,
e17f62803876e09a,2-firexport_basic_1789247966014.csv,174,legacy,zlib,22,,False,,,True,-0.006380241492698933,,,,,,,,,
e17f62803876e09a,2-firexport_basic_1789247966014.csv,174,legacy,zlib,23,,False,,,False,-0.006654407101115961,,,,,,,,,
e17f62803876e09a,2-firexport_basic_1789247966014.csv,174,legacy,zlib,24,,False,,,True,-0.008151537769443386,,,,,,,,,
e17f62803876e09a,2-firexport_basic_1789247966014.csv,174,legacy,zlib,25,,False,,,False,-0.008532206435779949,,,,,,,,,
e17f62803876e09a,2-firexport_basic_1789247966014.csv,174,legacy,zlib,26,,True,,,True,-0.004939124772423192,,,,,,,,,
e17f62803876e09a,2-firexport_basic_1789247966014.csv,174,legacy,zlib,27,,True,,,False,-0.005346885480378804,,,,,,,,,
e17f62803876e09a,2-firexport_basic_1789247966014.csv,174,legacy,zlib,28,,True,,,True,-0.004917145284832033,,,,,,,,,
e17f62803876e09a,2-firexport_basic_1789247966014.csv,174,legacy,zlib,29,,True,,,False,-0.005148615592565292,,,,,,,,,
e17f62803876e09a,2-firexport_basic_1789247966014.csv,174,legacy,zlib,30,,False,,,True,-0.011144456538287077,,,,,,,,,
e17f62803876e09a,2-firexport_basic_1789247966014.csv,174,legacy,zlib,31,,False,,,False,-0.011540405678026604,,,,,,,,,
e17f62803876e09a,2-firexport_basic_1789247966014.csv,174,legacy,zlib,32,,True,,,True,-0.0036454866158551185,,,,,,,,,
e17f62803876e09a,2-firexport_basic_1789247966014.csv,174,legacy,zlib,33,,True,,,False,-0.003796717473145189,,,,,,,,,
e17f62803876e09a,2-firexport_basic_1789247966014.csv,174,legacy,zlib,34,,False,,,True,-0.005825158003922347,,,,,,,,,
e17f62803876e09a,2-firexport_basic_1789247966014.csv,174,legacy,zlib,35,,False,,,False,-0.00612351920578506,,,,,,,,,
e17f62803876e09a,2-firexport_basic_1789247966014.csv,174,legacy,zlib,36,,True,,,True,-0.00552202865134838,,,,,,,,,
e17f62803876e09a,2-firexport_basic_1789247966014.csv,174,legacy,zlib,37,,True,,,False,-0.005674677879311318,,,,,,,,,
e17f62803876e09a,2-firexport_basic_1789247966014.csv,174,legacy,zlib,38,,False,,,True,-0.009342193603515625,,,,,,,,,
e17f62803876e09a,2-firexport_basic_1789247966014.csv,174,legacy,zlib,39,,False,,,False,-0.009849625825881957,,,,,,,,,
e17f62803876e09a,2-firexport_basic_1789247966014.csv,174,legacy,zlib,40,,False,,,True,-0.0059946859584135165,,,,,,,,,
e17f62803876e09a,2-firexport_basic_1789247966014.csv,174,legacy,zlib,41,,False,,,False,-0.006218810642466825,,,,,,,,,
e17f62803876e09a,2-firexport_basic_1789247966014.csv,174,legacy,zlib,42,,False,,,True,-0.006982624530792236,,,,,,,,,
e17f62803876e09a,2-firexport_basic_1789247966014.csv,174,legacy,zlib,43,,False,,,False,-0.007158733722640247,,,,,,,,,
e17f62803876e09a,2-firexport_basic_1789247966014.csv,174,legacy,zlib,44,,False,,,True,-0.006062060293525157,,,,,,,,,
e17f62803876e09a,2-firexport_basic_1789247966014.csv,174,legacy,zlib,45,,False,,,False,-0.006420683379125113,,,,,,,,,
e17f62803876e09a,2-firexport_basic_1789247966014.csv,174,legacy,zlib,46,,False,,,True,-0.006075722329756793,,,,,,,,,
e17f62803876e09a,2-firexport_basic_1789247966014.csv,174,legacy,zlib,47,,False,,,False,-0.006345342187320485,,,,,,,,,
e17f62803876e09a,2-firexport_basic_1789247966014.csv,174,legacy,zlib,48,,False,,,True,-0.005941443228989505,,,,,,,,,
e17f62803876e09a,2-firexport_basic_1789247966014.csv,174,legacy,zlib,49,,False,,,False,-0.006211688009540687,,,,,,,,,
e17f62803876e09a,2-firexport_basic_1789247966014.csv,174,legacy,zlib,50,,True,,,True,-0.00443202518198612,,,,,,,,,
e17f62803876e09a,2-firexport_basic_1789247966014.csv,174,legacy,zlib,51,,True,,,False,-0.004685293583974351,,,,,,,,,
e17f62803876e09a,2-firexport_basic_1789247966014.csv,174,legacy,zlib,52,,True,,,True,-0.004544459921973092,,,,,,,,,
e17f62803876e09a,2-firexport_basic_1789247966014.csv,174,legacy,zlib,53,,True,,,False,-0.004837970506577265,,,,,,,,,
e17f62803876e09a,2-firexport_basic_1789247966014.csv,174,legacy,zlib,54,,True,,,True,-0.005677795225335646,,,,,,,,,
e17f62803876e09a,2-firexport_basic_1789247966014.csv,174,legacy,zlib,55,,False,,,False,-0.005958196266677028,,,,,,,,,
e17f62803876e09a,2-firexport_basic_1789247966014.csv,174,legacy,zlib,56,,False,,,True,-0.0067353156350907824,,,,,,,,,
e17f62803876e09a,2-firexport_basic_1789247966014.csv,174,legacy,zlib,57,,False,,,False,-0.007174262688273475,,,,,,,,,
e17f62803876e09a,2-firexport_basic_1789247966014.csv,174,legacy,zlib,58,,False,,,True,-0.007933340362600377,,,,,,,,,
e17f62803876e09a,2-firexport_basic_1789247966014.csv,174,legacy,zlib,59,,False,,,False,-0.008132896713308385,,,,,,,,,
e17f62803876e09a,2-firexport_basic_1789247966014.csv,174,legacy,zlib,60,,False,,,True,-0.00913158268995688,,,,,,,,,
e17f62803876e09a,2-firexport_basic_1789247966014.csv,174,legacy,zlib,61,,False,,,False,-0.009877970520879182,,,,,,,,,
e17f62803876e09a,2-firexport_basic_1789247966014.csv,174,legacy,zlib,62,,False,,,True,-0.009196166671923738,,,,,,,,,
e17f62803876e09a,2-firexport_basic_1789247966014.csv,174,legacy,zlib,63,,False,,,False,-0.009417974237185805,,,,,,,,,
e17f62803876e09a,2-firexport_basic_1789247966014.csv,174,legacy,zlib,64,,False,,,True,-0.006417374932364131,,,,,,,,,
e17f62803876e09a,2-firexport_basic_1789247966014.csv,174,legacy,zlib,65,,False,,,False,-0.0067185819818732445,,,,,,,,,
e17f62803876e09a,2-firexport_basic_1789247966014.csv,174,legacy,zlib,66,,True,,,True,-0.005560569935016804,,,,,,,,,
e17f62803876e09a,2-firexport_basic_1789247966014.csv,174,legacy,zlib,67,,False,,,False,-0.0058447219230033255,,,,,,,,,
e17f62803876e09a,2-firexport_basic_1789247966014.csv,174,legacy,zlib,68,,True,,,True,-0.004634481455598559,,,,,,,,,
e17f62803876e09a,2-firexport_basic_1789247966014.csv,174,legacy,zlib,69,,True,,,False,-0.004866645272289004,,,,,,,,,
e17f62803876e09a,2-firexport_basic_1789247966014.csv,174,legacy,zlib,70,,False,,,True,-0.007121298284757705,,,,,,,,,
e17f62803876e09a,2-firexport_basic_1789247966014.csv,174,legacy,zlib,71,,False,,,False,-0.007304349115916661,,,,,,,,,
e17f62803876e09a,2-firexport_basic_1789247966014.csv,174,legacy,zlib,72,,False,,,True,-0.00975433959589376,,,,,,,,,
e17f62803876e09a,2-firexport_basic_1789247966014.csv,174,legacy,zlib,73,,False,,,False,-0.009983634019826914,,,,,,,,,
e17f62803876e09a,2-firexport_basic_1789247966014.csv,174,legacy,zlib,74,,True,,,True,-0.0056638548248692565,,,,,,,,,
e17f62803876e09a,2-firexport_basic_1789247966014.csv,174,legacy,zlib,75,,False,,,False,-0.006087657024985866,,,,,,,,,
e17f62803876e09a,2-firexport_basic_1789247966014.csv,174,legacy,zlib,76,,False,,,True,-0.006630633558545794,,,,,,,,,
e17f62803876e09a,2-firexport_basic_1789247966014.csv,174,legacy,zlib,77,,False,,,False,-0.006873604087602524,,,,,,,,,
e17f62803876e09a,2-firexport_basic_1789247966014.csv,174,legacy,zlib,78,,False,,,True,-0.007554386447115642,,,,,,,,,
e17f62803876e09a,2-firexport_basic_1789247966014.csv,174,legacy,zlib,79,,False,,,False,-0.007949161093409469,,,,,,,,,
e17f62803876e09a,2-firexport_basic_1789247966014.csv,174,legacy,zlib,80,,False,,,True,-0.00867974448513675,,,,,,,,,
e17f62803876e09a,2-firexport_basic_1789247966014.csv,174,legacy,zlib,81,,False,,,False,-0.009009617489653749,,,,,,,,,
e17f62803876e09a,2-firexport_basic_1789247966014.csv,174,legacy,zlib,82,,False,,,True,-0.007336344611778688,,,,,,,,,
e17f62803876e09a,2-firexport_basic_1789247966014.csv,174,legacy,zlib,83,,False,,,False,-0.007634298185284218,,,,,,,,,
e17f62803876e09a,2-firexport_basic_1789247966014.csv,174,legacy,zlib,84,,True,,,True,-0.004194740046802749,,,,,,,,,
e17f62803876e09a,2-firexport_basic_1789247966014.csv,174,legacy,zlib,85,,True,,,False,-0.004368692891210573,,,,,,,,,
e17f62803876e09a,2-firexport_basic_1789247966014.csv,174,legacy,zlib,86,,True,,,True,-0.0052915805264523155,,,,,,,,,
e17f62803876e09a,2-firexport_basic_1789247966014.csv,174,legacy,zlib,87,,True,,,False,-0.005697648776204963,,,,,,,,,
e17f62803876e09a,2-firexport_basic_1789247966014.csv,174,legacy,zlib,88,,False,,,True,-0.0068472365538279215,,,,,,,,,
e17f62803876e09a,2-firexport_basic_1789247966014.csv,174,legacy,zlib,89,,False,,,False,-0.0073595742384592695,,,,,,,,,
e17f62803876e09a,2-firexport_basic_1789247966014.csv,174,legacy,zlib,90,,False,,,True,-0.0073275140353611535,,,,,,,,,
e17f62803876e09a,2-firexport_basic_1789247966014.csv,174,legacy,zlib,91,,False,,,False,-0.0076727732306435,,,,,,,,,
e17f62803876e09a,2-firexport_basic_1789247966014.csv,174,legacy,zlib,92,,False,,,True,-0.00707661231358846,,,,,,,,,
e17f62803876e09a,2-firexport_basic_1789247966014.csv,174,legacy,zlib,93,,False,,,False,-0.007535546620686849,,,,,,,,,
e17f62803876e09a,2-firexport_basic_1789247966014.csv,174,legacy,zlib,94,,True,,,True,-0.005556208245894488,,,,,,,,,
e17f62803876e09a,2-firexport_basic_1789247966014.csv,174,legacy,zlib,95,,False,,,False,-0.006100763292873607,,,,,,,,,
e17f62803876e09a,2-firexport_basic_1789247966014.csv,174,legacy,zlib,96,,False,,,True,-0.007989501953125,,,,,,,,,
e17f62803876e09a,2-firexport_basic_1789247966014.csv,174,legacy,zlib,97,,False,,,False,-0.008402169495821,,,,,,,,,
e17f62803876e09a,2-firexport_basic_1789247966014.csv,174,legacy,zlib,98,,False,,,True,-0.007855019542608368,,,,,,,,,
e17f62803876e09a,2-firexport_basic_1789247966014.csv,174,legacy,zlib,99,,False,,,False,-0.008288029204593615,,,,,,,,,
e29b44cb909c5c09,2-firexport_basic_1789247966014.csv,176,legacy,min_k_plus_plus,0,,True,,,True,-1.9170384502138258,,,,,,,,,
e29b44cb909c5c09,2-firexport_basic_1789247966014.csv,176,legacy,min_k_plus_plus,1,,True,,,False,-1.9539052853886942,,,,,,,,,
e29b44cb909c5c09,2-firexport_basic_1789247966014.csv,176,legacy,min_k_plus_plus,2,,True,,,True,-2.422593687518918,,,,,,,,,
e29b44cb909c5c09,2-firexport_basic_1789247966014.csv,176,legacy,min_k_plus_plus,3,,True,,,False,-2.488619923915859,,,,,,,,,
e29b44cb909c5c09,2-firexport_basic_1789247966014.csv,176,legacy,min_k_plus_plus,4,,True,,,True,-1.3321853580438143,,,,,,,,,
e29b44cb909c5c09,2-firexport_basic_1789247966014.csv,176,legacy,min_k_plus_plus,5,,True,,,False,-1.4177671072671194,,,,,,,,,
e424f9aa8fd678ac4a0a96a4,2-firexport_basic_1789247966014.csv,177,legacy,amia,0,,True,,,True,21.286359786987305,,4,,,,,,,
e424f9aa8fd678ac4a0a96a4,2-firexport_basic_1789247966014.csv,177,legacy,amia,1,,False,,,False,0,,4,,,,,,,
e424f9aa8fd678ac4a0a96a4,2-firexport_basic_1789247966014.csv,177,legacy,amia,2,,True,,,True,21.286361694335938,,4,,,,,,,
e424f9aa8fd678ac4a0a96a4,2-firexport_basic_1789247966014.csv,177,legacy,amia,3,,False,,,False,0,,4,,,,,,,
e424f9aa8fd678ac4a0a96a4,2-firexport_basic_1789247966014.csv,177,legacy,amia,4,,True,,,True,21.286361694335938,,4,,,,,,,
e424f9aa8fd678ac4a0a96a4,2-firexport_basic_1789247966014.csv,177,legacy,amia,5,,False,,,False,0,,4,,,,,,,
e4cc207a0b2b4205,2-firexport_basic_1789247966014.csv,178,legacy,min_k,0,,False,,,True,-10.992096265157064,,,,,,,,,
e4cc207a0b2b4205,2-firexport_basic_1789247966014.csv,178,legacy,min_k,1,,False,,,False,-11.20284366607666,,,,,,,,,
e4cc207a0b2b4205,2-firexport_basic_1789247966014.csv,178,legacy,min_k,2,,False,,,True,-10.590909798940023,,,,,,,,,
e4cc207a0b2b4205,2-firexport_basic_1789247966014.csv,178,legacy,min_k,3,,False,,,False,-10.878864606221518,,,,,,,,,
e4cc207a0b2b4205,2-firexport_basic_1789247966014.csv,178,legacy,min_k,4,,False,,,True,-11.806793212890625,,,,,,,,,
e4cc207a0b2b4205,2-firexport_basic_1789247966014.csv,178,legacy,min_k,5,,False,,,False,-12.107010126113892,,,,,,,,,
e52451f3b8820368cf2fa66f,2-firexport_basic_1789247966014.csv,179,legacy,amia,0,,True,,,True,23.161481857299805,,4,,,,,,,
e52451f3b8820368cf2fa66f,2-firexport_basic_1789247966014.csv,179,legacy,amia,1,,False,,,False,0,,4,,,,,,,
e52451f3b8820368cf2fa66f,2-firexport_basic_1789247966014.csv,179,legacy,amia,2,,True,,,True,23.161481857299805,,4,,,,,,,
e52451f3b8820368cf2fa66f,2-firexport_basic_1789247966014.csv,179,legacy,amia,3,,False,,,False,0,,4,,,,,,,
e52451f3b8820368cf2fa66f,2-firexport_basic_1789247966014.csv,179,legacy,amia,4,,True,,,True,23.161481857299805,,4,,,,,,,
e52451f3b8820368cf2fa66f,2-firexport_basic_1789247966014.csv,179,legacy,amia,5,,False,,,False,0,,4,,,,,,,
e57ef365bc576759,2-firexport_basic_1789247966014.csv,180,legacy,zlib,0,,True,,,True,-0.003638349730392982,,,,,,,,,
e57ef365bc576759,2-firexport_basic_1789247966014.csv,180,legacy,zlib,1,,True,,,False,-0.003793767813978524,,,,,,,,,
e57ef365bc576759,2-firexport_basic_1789247966014.csv,180,legacy,zlib,2,,False,,,True,-0.005868754544100918,,,,,,,,,
e57ef365bc576759,2-firexport_basic_1789247966014.csv,180,legacy,zlib,3,,False,,,False,-0.0061002249246115215,,,,,,,,,
e57ef365bc576759,2-firexport_basic_1789247966014.csv,180,legacy,zlib,4,,True,,,True,-0.005525079577468162,,,,,,,,,
e57ef365bc576759,2-firexport_basic_1789247966014.csv,180,legacy,zlib,5,,True,,,False,-0.005696108867955762,,,,,,,,,
e70fd3347ae1bb00fdadeb04,2-firexport_basic_1789247966014.csv,181,legacy,amia,0,,True,,,True,19.21703338623047,,4,,,,,,,
e70fd3347ae1bb00fdadeb04,2-firexport_basic_1789247966014.csv,181,legacy,amia,1,,False,,,False,0,,4,,,,,,,
e70fd3347ae1bb00fdadeb04,2-firexport_basic_1789247966014.csv,181,legacy,amia,2,,True,,,True,19.21703338623047,,4,,,,,,,
e70fd3347ae1bb00fdadeb04,2-firexport_basic_1789247966014.csv,181,legacy,amia,3,,False,,,False,0,,4,,,,,,,
e70fd3347ae1bb00fdadeb04,2-firexport_basic_1789247966014.csv,181,legacy,amia,4,,True,,,True,19.21703338623047,,4,,,,,,,
e70fd3347ae1bb00fdadeb04,2-firexport_basic_1789247966014.csv,181,legacy,amia,5,,False,,,False,0,,4,,,,,,,
eab00f9495d6ae2c,2-firexport_basic_1789247966014.csv,183,legacy,spv_mia,0,,True,,,True,0.0031520239782708726,,,,,,,,,
eab00f9495d6ae2c,2-firexport_basic_1789247966014.csv,183,legacy,spv_mia,1,,True,,,False,0.0013719869909259632,,,,,,,,,
eab00f9495d6ae2c,2-firexport_basic_1789247966014.csv,183,legacy,spv_mia,2,,True,,,True,0.0013495113589123541,,,,,,,,,
eab00f9495d6ae2c,2-firexport_basic_1789247966014.csv,183,legacy,spv_mia,3,,True,,,False,2.8157106225619455e-05,,,,,,,,,
eab00f9495d6ae2c,2-firexport_basic_1789247966014.csv,183,legacy,spv_mia,4,,True,,,True,0.0003690029760182252,,,,,,,,,
eab00f9495d6ae2c,2-firexport_basic_1789247966014.csv,183,legacy,spv_mia,5,,True,,,False,0.0001053533507163894,,,,,,,,,
eb8785c1e48a5c0d,2-firexport_basic_1789247966014.csv,184,legacy,zlib,0,,True,,,True,-0.0019031310767199086,,,,,,,,,
eb8785c1e48a5c0d,2-firexport_basic_1789247966014.csv,184,legacy,zlib,1,,True,,,False,-0.0020292930107201094,,,,,,,,,
eb8785c1e48a5c0d,2-firexport_basic_1789247966014.csv,184,legacy,zlib,2,,True,,,True,-0.0012690503718489309,,,,,,,,,
eb8785c1e48a5c0d,2-firexport_basic_1789247966014.csv,184,legacy,zlib,3,,True,,,False,-0.0013503913152015815,,,,,,,,,
eb8785c1e48a5c0d,2-firexport_basic_1789247966014.csv,184,legacy,zlib,4,,True,,,True,-0.001210627397172687,,,,,,,,,
eb8785c1e48a5c0d,2-firexport_basic_1789247966014.csv,184,legacy,zlib,5,,True,,,False,-0.0013063969058795188,,,,,,,,,
ed1dcfd1830d071b,2-firexport_basic_1789247966014.csv,185,legacy,wbc,0,,True,,,True,1,,,,,,,,,
ed1dcfd1830d071b,2-firexport_basic_1789247966014.csv,185,legacy,wbc,1,,False,,,False,0.7166666666666667,,,,,,,,,
ed1dcfd1830d071b,2-firexport_basic_1789247966014.csv,185,legacy,wbc,2,,True,,,True,0.9702380952380952,,,,,,,,,
ed1dcfd1830d071b,2-firexport_basic_1789247966014.csv,185,legacy,wbc,3,,True,,,False,0.8511904761904762,,,,,,,,,
ed1dcfd1830d071b,2-firexport_basic_1789247966014.csv,185,legacy,wbc,4,,True,,,True,0.9692737430167597,,,,,,,,,
ed1dcfd1830d071b,2-firexport_basic_1789247966014.csv,185,legacy,wbc,5,,False,,,False,0.6731843575418994,,,,,,,,,
f125dbbdb11ec46c,2-firexport_basic_1789247966014.csv,189,legacy,zlib,0,,True,,,True,-0.004996682162833424,,,,,,,,,
f125dbbdb11ec46c,2-firexport_basic_1789247966014.csv,189,legacy,zlib,1,,True,,,False,-0.005284614267602431,,,,,,,,,
f125dbbdb11ec46c,2-firexport_basic_1789247966014.csv,189,legacy,zlib,2,,False,,,True,-0.008198801382088367,,,,,,,,,
f125dbbdb11ec46c,2-firexport_basic_1789247966014.csv,189,legacy,zlib,3,,False,,,False,-0.008398363619674871,,,,,,,,,
f125dbbdb11ec46c,2-firexport_basic_1789247966014.csv,189,legacy,zlib,4,,True,,,True,-0.0041904317296069605,,,,,,,,,
f125dbbdb11ec46c,2-firexport_basic_1789247966014.csv,189,legacy,zlib,5,,True,,,False,-0.004320016114608101,,,,,,,,,
f1f0aef70adb15cd,2-firexport_basic_1789247966014.csv,190,legacy,zlib,0,,True,,,True,-0.0055707881505461946,,,,,,,,,
f1f0aef70adb15cd,2-firexport_basic_1789247966014.csv,190,legacy,zlib,1,,False,,,False,-0.006217652353747138,,,,,,,,,
f1f0aef70adb15cd,2-firexport_basic_1789247966014.csv,190,legacy,zlib,2,,False,,,True,-0.00663335036627854,,,,,,,,,
f1f0aef70adb15cd,2-firexport_basic_1789247966014.csv,190,legacy,zlib,3,,False,,,False,-0.00872578198396707,,,,,,,,,
f1f0aef70adb15cd,2-firexport_basic_1789247966014.csv,190,legacy,zlib,4,,True,,,True,-0.004332665755198552,,,,,,,,,
f1f0aef70adb15cd,2-firexport_basic_1789247966014.csv,190,legacy,zlib,5,,True,,,False,-0.0052174779085012585,,,,,,,,,
f22ca4f7145f57c6,2-firexport_basic_1789247966014.csv,191,legacy,wbc,0,,True,,,True,1,,,,,,,,,
f22ca4f7145f57c6,2-firexport_basic_1789247966014.csv,191,legacy,wbc,1,,True,,,False,0.8780487804878049,,,,,,,,,
f22ca4f7145f57c6,2-firexport_basic_1789247966014.csv,191,legacy,wbc,2,,True,,,True,0.9852941176470589,,,,,,,,,
f22ca4f7145f57c6,2-firexport_basic_1789247966014.csv,191,legacy,wbc,3,,False,,,False,0.7279411764705882,,,,,,,,,
f22ca4f7145f57c6,2-firexport_basic_1789247966014.csv,191,legacy,wbc,4,,True,,,True,1,,,,,,,,,
f22ca4f7145f57c6,2-firexport_basic_1789247966014.csv,191,legacy,wbc,5,,False,,,False,0.717948717948718,,,,,,,,,
f2a36740575b6eb1,2-firexport_basic_1789247966014.csv,192,legacy,samia,0,,False,,,True,0.047619047619047616,,,,,,,,,
f2a36740575b6eb1,2-firexport_basic_1789247966014.csv,192,legacy,samia,1,,False,,,False,0,,,,,,,,,
f2a36740575b6eb1,2-firexport_basic_1789247966014.csv,192,legacy,samia,2,,False,,,True,0,,,,,,,,,
f2a36740575b6eb1,2-firexport_basic_1789247966014.csv,192,legacy,samia,3,,False,,,False,0,,,,,,,,,
f2a36740575b6eb1,2-firexport_basic_1789247966014.csv,192,legacy,samia,4,,False,,,True,0.05555555555555555,,,,,,,,,
f2a36740575b6eb1,2-firexport_basic_1789247966014.csv,192,legacy,samia,5,,False,,,False,0.08333333333333333,,,,,,,,,
f31f0e94f1aa5d0e,2-firexport_basic_1789247966014.csv,193,legacy,reference,0,,True,,,True,0.2546653747558594,,,,,,,,,
f31f0e94f1aa5d0e,2-firexport_basic_1789247966014.csv,193,legacy,reference,1,,False,,,False,0.09324836730957031,,,,,,,,,
f31f0e94f1aa5d0e,2-firexport_basic_1789247966014.csv,193,legacy,reference,2,,False,,,True,0.12894439697265625,,,,,,,,,
f31f0e94f1aa5d0e,2-firexport_basic_1789247966014.csv,193,legacy,reference,3,,False,,,False,0.03321647644042969,,,,,,,,,
f31f0e94f1aa5d0e,2-firexport_basic_1789247966014.csv,193,legacy,reference,4,,False,,,True,0.2497420310974121,,,,,,,,,
f31f0e94f1aa5d0e,2-firexport_basic_1789247966014.csv,193,legacy,reference,5,,False,,,False,0.1083989143371582,,,,,,,,,
f57a0d1989cf8e65,2-firexport_basic_1789247966014.csv,194,legacy,wbc,0,,True,,,True,0.9416666666666667,,,,,,,,,
f57a0d1989cf8e65,2-firexport_basic_1789247966014.csv,194,legacy,wbc,1,,True,,,False,0.775,,,,,,,,,
f57a0d1989cf8e65,2-firexport_basic_1789247966014.csv,194,legacy,wbc,2,,True,,,True,0.9264705882352942,,,,,,,,,
f57a0d1989cf8e65,2-firexport_basic_1789247966014.csv,194,legacy,wbc,3,,False,,,False,0.6985294117647058,,,,,,,,,
f57a0d1989cf8e65,2-firexport_basic_1789247966014.csv,194,legacy,wbc,4,,True,,,True,1,,,,,,,,,
f57a0d1989cf8e65,2-firexport_basic_1789247966014.csv,194,legacy,wbc,5,,True,,,False,0.9176470588235294,,,,,,,,,
f5edce4ede96e53e,2-firexport_basic_1789247966014.csv,195,legacy,spv_mia,0,,True,,,True,0.0016269861950796195,,,,,,,,,
f5edce4ede96e53e,2-firexport_basic_1789247966014.csv,195,legacy,spv_mia,1,,False,,,False,-0.0002974282565190601,,,,,,,,,
f5edce4ede96e53e,2-firexport_basic_1789247966014.csv,195,legacy,spv_mia,2,,True,,,True,0.0007509766311797426,,,,,,,,,
f5edce4ede96e53e,2-firexport_basic_1789247966014.csv,195,legacy,spv_mia,3,,True,,,False,5.82066094163081e-05,,,,,,,,,
f5edce4ede96e53e,2-firexport_basic_1789247966014.csv,195,legacy,spv_mia,4,,True,,,True,0.00038486427843948973,,,,,,,,,
f5edce4ede96e53e,2-firexport_basic_1789247966014.csv,195,legacy,spv_mia,5,,True,,,False,7.305152608667875e-05,,,,,,,,,
f66069c304b351f9,2-firexport_basic_1789247966014.csv,196,legacy,neighborhood,0,,True,,,True,2.866974274317424,,,,,,,,,
f66069c304b351f9,2-firexport_basic_1789247966014.csv,196,legacy,neighborhood,1,,True,,,False,2.717512448628743,,,,,,,,,
f66069c304b351f9,2-firexport_basic_1789247966014.csv,196,legacy,neighborhood,2,,True,,,True,1.0220789909362793,,,,,,,,,
f66069c304b351f9,2-firexport_basic_1789247966014.csv,196,legacy,neighborhood,3,,True,,,False,0.8770047823588056,,,,,,,,,
f66069c304b351f9,2-firexport_basic_1789247966014.csv,196,legacy,neighborhood,4,,True,,,True,2.028734842936198,,,,,,,,,
f66069c304b351f9,2-firexport_basic_1789247966014.csv,196,legacy,neighborhood,5,,True,,,False,1.6855231126149492,,,,,,,,,
f855ca6edebf2492,2-firexport_basic_1789247966014.csv,197,legacy,min_k,0,,False,,,True,-7.766769766807556,,,,,,,,,
f855ca6edebf2492,2-firexport_basic_1789247966014.csv,197,legacy,min_k,1,,False,,,False,-8.323905944824219,,,,,,,,,
f855ca6edebf2492,2-firexport_basic_1789247966014.csv,197,legacy,min_k,2,,False,,,True,-9.200590292612711,,,,,,,,,
f855ca6edebf2492,2-firexport_basic_1789247966014.csv,197,legacy,min_k,3,,False,,,False,-9.320550441741943,,,,,,,,,
f855ca6edebf2492,2-firexport_basic_1789247966014.csv,197,legacy,min_k,4,,False,,,True,-9.687676072120667,,,,,,,,,
f855ca6edebf2492,2-firexport_basic_1789247966014.csv,197,legacy,min_k,5,,False,,,False,-9.7998628616333,,,,,,,,,
f8621fbd3764de37,2-firexport_basic_1789247966014.csv,198,legacy,min_k_plus_plus,0,,True,,,True,-1.0933860765144912,,,,,,,,,
f8621fbd3764de37,2-firexport_basic_1789247966014.csv,198,legacy,min_k_plus_plus,1,,True,,,False,-1.2462349066779217,,,,,,,,,
f8621fbd3764de37,2-firexport_basic_1789247966014.csv,198,legacy,min_k_plus_plus,2,,True,,,True,-1.7281483380291014,,,,,,,,,
f8621fbd3764de37,2-firexport_basic_1789247966014.csv,198,legacy,min_k_plus_plus,3,,True,,,False,-2.080900526068891,,,,,,,,,
f8621fbd3764de37,2-firexport_basic_1789247966014.csv,198,legacy,min_k_plus_plus,4,,True,,,True,-1.5114141344504666,,,,,,,,,
f8621fbd3764de37,2-firexport_basic_1789247966014.csv,198,legacy,min_k_plus_plus,5,,True,,,False,-1.6539455423348859,,,,,,,,,
f896f1036a74331e,2-firexport_basic_1789247966014.csv,199,legacy,min_k_plus_plus,0,,True,,,True,-2.507986215904474,,,,,,,,,
f896f1036a74331e,2-firexport_basic_1789247966014.csv,199,legacy,min_k_plus_plus,1,,True,,,False,-3.0754326297343515,,,,,,,,,
f896f1036a74331e,2-firexport_basic_1789247966014.csv,199,legacy,min_k_plus_plus,2,,True,,,True,-1.7271550767831616,,,,,,,,,
f896f1036a74331e,2-firexport_basic_1789247966014.csv,199,legacy,min_k_plus_plus,3,,True,,,False,-1.7998497620215392,,,,,,,,,
f896f1036a74331e,2-firexport_basic_1789247966014.csv,199,legacy,min_k_plus_plus,4,,True,,,True,-1.165654121219139,,,,,,,,,
f896f1036a74331e,2-firexport_basic_1789247966014.csv,199,legacy,min_k_plus_plus,5,,True,,,False,-1.2717501423971747,,,,,,,,,
f9919a36a92aa170,2-firexport_basic_1789247966014.csv,200,legacy,wbc,0,,True,,,True,0.9014084507042254,,,,,,,,,
f9919a36a92aa170,2-firexport_basic_1789247966014.csv,200,legacy,wbc,1,,False,,,False,0.4507042253521127,,,,,,,,,
f9919a36a92aa170,2-firexport_basic_1789247966014.csv,200,legacy,wbc,2,,True,,,True,0.9830508474576272,,,,,,,,,
f9919a36a92aa170,2-firexport_basic_1789247966014.csv,200,legacy,wbc,3,,True,,,False,0.9491525423728814,,,,,,,,,
f9919a36a92aa170,2-firexport_basic_1789247966014.csv,200,legacy,wbc,4,,True,,,True,1,,,,,,,,,
f9919a36a92aa170,2-firexport_basic_1789247966014.csv,200,legacy,wbc,5,,False,,,False,0.5754716981132075,,,,,,,,,
fba5be4ff28e0bdf,2-firexport_basic_1789247966014.csv,202,legacy,min_k,0,,False,,,True,-10.779460026667667,,,,,,,,,
fba5be4ff28e0bdf,2-firexport_basic_1789247966014.csv,202,legacy,min_k,1,,False,,,False,-10.945426794198843,,,,,,,,,
fba5be4ff28e0bdf,2-firexport_basic_1789247966014.csv,202,legacy,min_k,2,,False,,,True,-10.08013417170598,,,,,,,,,
fba5be4ff28e0bdf,2-firexport_basic_1789247966014.csv,202,legacy,min_k,3,,False,,,False,-10.320560968839205,,,,,,,,,
fba5be4ff28e0bdf,2-firexport_basic_1789247966014.csv,202,legacy,min_k,4,,False,,,True,-9.375042108389048,,,,,,,,,
fba5be4ff28e0bdf,2-firexport_basic_1789247966014.csv,202,legacy,min_k,5,,False,,,False,-9.83720874786377,,,,,,,,,
fcbf6b3d38dca0f2,2-firexport_basic_1789247966014.csv,203,legacy,min_k,0,,False,,,True,-9.423469257354736,,,,,,,,,
fcbf6b3d38dca0f2,2-firexport_basic_1789247966014.csv,203,legacy,min_k,1,,False,,,False,-9.642993259429932,,,,,,,,,
fcbf6b3d38dca0f2,2-firexport_basic_1789247966014.csv,203,legacy,min_k,2,,False,,,True,-10.778365135192871,,,,,,,,,
fcbf6b3d38dca0f2,2-firexport_basic_1789247966014.csv,203,legacy,min_k,3,,False,,,False,-10.876571655273438,,,,,,,,,
fcbf6b3d38dca0f2,2-firexport_basic_1789247966014.csv,203,legacy,min_k,4,,False,,,True,-8.77751009804862,,,,,,,,,
fcbf6b3d38dca0f2,2-firexport_basic_1789247966014.csv,203,legacy,min_k,5,,False,,,False,-9.013135092599052,,,,,,,,,
fef82f52ddbc6cae,2-firexport_basic_1789247966014.csv,205,legacy,wbc,0,,True,,,True,0.9754098360655737,,,,,,,,,
fef82f52ddbc6cae,2-firexport_basic_1789247966014.csv,205,legacy,wbc,1,,True,,,False,0.860655737704918,,,,,,,,,
fef82f52ddbc6cae,2-firexport_basic_1789247966014.csv,205,legacy,wbc,2,,True,,,True,0.9590163934426229,,,,,,,,,
fef82f52ddbc6cae,2-firexport_basic_1789247966014.csv,205,legacy,wbc,3,,True,,,False,0.8340163934426229,,,,,,,,,
fef82f52ddbc6cae,2-firexport_basic_1789247966014.csv,205,legacy,wbc,4,,True,,,True,0.9877049180327869,,,,,,,,,
fef82f52ddbc6cae,2-firexport_basic_1789247966014.csv,205,legacy,wbc,5,,True,,,False,0.7725409836065574,,,,,,,,,
ff33ad18d33efd58,2-firexport_basic_1789247966014.csv,206,legacy,zlib,0,,True,,,True,-0.004802168443285185,,,,,,,,,
ff33ad18d33efd58,2-firexport_basic_1789247966014.csv,206,legacy,zlib,1,,False,,,False,-0.005863775467050487,,,,,,,,,
ff33ad18d33efd58,2-firexport_basic_1789247966014.csv,206,legacy,zlib,2,,False,,,True,-0.006298774782615372,,,,,,,,,
ff33ad18d33efd58,2-firexport_basic_1789247966014.csv,206,legacy,zlib,3,,False,,,False,-0.0084318926062765,,,,,,,,,
ff33ad18d33efd58,2-firexport_basic_1789247966014.csv,206,legacy,zlib,4,,True,,,True,-0.004086076754790086,,,,,,,,,
ff33ad18d33efd58,2-firexport_basic_1789247966014.csv,206,legacy,zlib,5,,True,,,False,-0.005084613194832435,,,,,,,,,
ff4f6c6f9789128df400c106,2-firexport_basic_1789247966014.csv,207,legacy,amia,0,,True,,,True,24.525238037109375,,4,,,,,,,
ff4f6c6f9789128df400c106,2-firexport_basic_1789247966014.csv,207,legacy,amia,1,,False,,,False,0,,4,,,,,,,
ff4f6c6f9789128df400c106,2-firexport_basic_1789247966014.csv,207,legacy,amia,2,,True,,,True,24.525238037109375,,4,,,,,,,
ff4f6c6f9789128df400c106,2-firexport_basic_1789247966014.csv,207,legacy,amia,3,,False,,,False,0,,4,,,,,,,
ff4f6c6f9789128df400c106,2-firexport_basic_1789247966014.csv,207,legacy,amia,4,,True,,,True,24.525236129760742,,4,,,,,,,
ff4f6c6f9789128df400c106,2-firexport_basic_1789247966014.csv,207,legacy,amia,5,,False,,,False,0,,4,,,,,,,
ff7a09e6b91569bd,2-firexport_basic_1789247966014.csv,208,legacy,reference,0,,True,,,True,0.37483692169189453,,,,,,,,,
ff7a09e6b91569bd,2-firexport_basic_1789247966014.csv,208,legacy,reference,1,,False,,,False,0.1255781650543213,,,,,,,,,
ff7a09e6b91569bd,2-firexport_basic_1789247966014.csv,208,legacy,reference,2,,False,,,True,0.22836017608642578,,,,,,,,,
ff7a09e6b91569bd,2-firexport_basic_1789247966014.csv,208,legacy,reference,3,,False,,,False,0.024230241775512695,,,,,,,,,
ff7a09e6b91569bd,2-firexport_basic_1789247966014.csv,208,legacy,reference,4,,True,,,True,0.31498169898986816,,,,,,,,,
ff7a09e6b91569bd,2-firexport_basic_1789247966014.csv,208,legacy,reference,5,,False,,,False,0.09315943717956543,,,,,,,,,
loss_federated_llm_adaptation_v1_14b11497676c8fa1,2-firexport_basic_1789247966014.csv,209,legacy,loss,0,0,True,average_per_token_negative_log_likelihood,,True,3.1319663524627686,4.54096245765686,,,,,,,,
loss_federated_llm_adaptation_v1_14b11497676c8fa1,2-firexport_basic_1789247966014.csv,209,legacy,loss,1,0,True,average_per_token_negative_log_likelihood,<redacted real dataset record>,False,3.3627140522003174,4.549057960510254,,,,,,,,
loss_federated_llm_adaptation_v1_14b11497676c8fa1,2-firexport_basic_1789247966014.csv,209,legacy,loss,2,0,True,average_per_token_negative_log_likelihood,,True,4.0645432472229,4.250101327896118,,,,,,,,
loss_federated_llm_adaptation_v1_14b11497676c8fa1,2-firexport_basic_1789247966014.csv,209,legacy,loss,3,0,False,average_per_token_negative_log_likelihood,<redacted real dataset record>,False,4.3187432289123535,4.230323791503906,,,,,,,,
loss_federated_llm_adaptation_v1_14b11497676c8fa1,2-firexport_basic_1789247966014.csv,209,legacy,loss,4,0,True,average_per_token_negative_log_likelihood,,True,3.618499279022217,3.867105484008789,,,,,,,,
loss_federated_llm_adaptation_v1_14b11497676c8fa1,2-firexport_basic_1789247966014.csv,209,legacy,loss,5,0,True,average_per_token_negative_log_likelihood,<redacted real dataset record>,False,3.8018157482147217,3.8979382514953613,,,,,,,,
loss_federated_llm_adaptation_v1_1696351163ec887e,2-firexport_basic_1789247966014.csv,210,legacy,loss,0,0,False,average_per_token_negative_log_likelihood,,True,4.248064041137695,3.782875418663025,,,,,,,,
loss_federated_llm_adaptation_v1_1696351163ec887e,2-firexport_basic_1789247966014.csv,210,legacy,loss,1,0,False,average_per_token_negative_log_likelihood,<redacted real dataset record>,False,4.758178234100342,3.7323758602142334,,,,,,,,
loss_federated_llm_adaptation_v1_1696351163ec887e,2-firexport_basic_1789247966014.csv,210,legacy,loss,2,0,False,average_per_token_negative_log_likelihood,,True,5.012223243713379,3.395508050918579,,,,,,,,
loss_federated_llm_adaptation_v1_1696351163ec887e,2-firexport_basic_1789247966014.csv,210,legacy,loss,3,0,False,average_per_token_negative_log_likelihood,<redacted real dataset record>,False,5.298920631408691,3.3800811767578125,,,,,,,,
loss_federated_llm_adaptation_v1_1696351163ec887e,2-firexport_basic_1789247966014.csv,210,legacy,loss,4,0,True,average_per_token_negative_log_likelihood,,True,3.684915542602539,4.537827014923096,,,,,,,,
loss_federated_llm_adaptation_v1_1696351163ec887e,2-firexport_basic_1789247966014.csv,210,legacy,loss,5,0,True,average_per_token_negative_log_likelihood,<redacted real dataset record>,False,3.9430856704711914,4.556115627288818,,,,,,,,
loss_federated_llm_adaptation_v1_1b3785ae8a1253f7,2-firexport_basic_1789247966014.csv,211,legacy,loss,0,0,True,average_per_token_negative_log_likelihood,,True,2.8951706886291504,3.4510756731033325,,,,,,,,
loss_federated_llm_adaptation_v1_1b3785ae8a1253f7,2-firexport_basic_1789247966014.csv,211,legacy,loss,1,0,True,average_per_token_negative_log_likelihood,<redacted real dataset record>,False,3.1811976432800293,3.4419000148773193,,,,,,,,
loss_federated_llm_adaptation_v1_1b3785ae8a1253f7,2-firexport_basic_1789247966014.csv,211,legacy,loss,2,0,False,average_per_token_negative_log_likelihood,,True,4.9108405113220215,4.464529514312744,,,,,,,,
loss_federated_llm_adaptation_v1_1b3785ae8a1253f7,2-firexport_basic_1789247966014.csv,211,legacy,loss,3,0,False,average_per_token_negative_log_likelihood,<redacted real dataset record>,False,5.327351093292236,4.4428627490997314,,,,,,,,
loss_federated_llm_adaptation_v1_1b3785ae8a1253f7,2-firexport_basic_1789247966014.csv,211,legacy,loss,4,0,False,average_per_token_negative_log_likelihood,,True,4.254720211029053,3.9920483827590942,,,,,,,,
loss_federated_llm_adaptation_v1_1b3785ae8a1253f7,2-firexport_basic_1789247966014.csv,211,legacy,loss,5,0,False,average_per_token_negative_log_likelihood,<redacted real dataset record>,False,4.4642205238342285,3.988091826438904,,,,,,,,
loss_federated_llm_adaptation_v1_207f75ef11bbc6d2,2-firexport_basic_1789247966014.csv,212,legacy,loss,0,0,True,average_per_token_negative_log_likelihood,,True,3.7765913009643555,4.426756024360657,,,,,,,,
loss_federated_llm_adaptation_v1_207f75ef11bbc6d2,2-firexport_basic_1789247966014.csv,212,legacy,loss,1,0,True,average_per_token_negative_log_likelihood,<redacted real dataset record>,False,4.1808600425720215,4.432859182357788,,,,,,,,
loss_federated_llm_adaptation_v1_207f75ef11bbc6d2,2-firexport_basic_1789247966014.csv,212,legacy,loss,2,0,True,average_per_token_negative_log_likelihood,,True,5.072932243347168,5.16977071762085,,,,,,,,
loss_federated_llm_adaptation_v1_207f75ef11bbc6d2,2-firexport_basic_1789247966014.csv,212,legacy,loss,3,0,False,average_per_token_negative_log_likelihood,<redacted real dataset record>,False,5.53912353515625,5.166931629180908,,,,,,,,
loss_federated_llm_adaptation_v1_207f75ef11bbc6d2,2-firexport_basic_1789247966014.csv,212,legacy,loss,4,0,False,average_per_token_negative_log_likelihood,,True,5.017111301422119,4.527202606201172,,,,,,,,
loss_federated_llm_adaptation_v1_207f75ef11bbc6d2,2-firexport_basic_1789247966014.csv,212,legacy,loss,5,0,False,average_per_token_negative_log_likelihood,<redacted real dataset record>,False,5.372811794281006,4.571473121643066,,,,,,,,
loss_federated_llm_adaptation_v1_28f5262d0a28f101,2-firexport_basic_1789247966014.csv,213,legacy,loss,0,0,True,average_per_token_negative_log_likelihood,,True,4.442432403564453,4.627473592758179,,,,,,,,
loss_federated_llm_adaptation_v1_28f5262d0a28f101,2-firexport_basic_1789247966014.csv,213,legacy,loss,1,0,False,average_per_token_negative_log_likelihood,<redacted real dataset record>,False,4.7523112297058105,4.639003038406372,,,,,,,,
loss_federated_llm_adaptation_v1_28f5262d0a28f101,2-firexport_basic_1789247966014.csv,213,legacy,loss,2,0,False,average_per_token_negative_log_likelihood,,True,5.698510646820068,4.198895454406738,,,,,,,,
loss_federated_llm_adaptation_v1_28f5262d0a28f101,2-firexport_basic_1789247966014.csv,213,legacy,loss,3,0,False,average_per_token_negative_log_likelihood,<redacted real dataset record>,False,6.095125675201416,4.217228889465332,,,,,,,,
loss_federated_llm_adaptation_v1_28f5262d0a28f101,2-firexport_basic_1789247966014.csv,213,legacy,loss,4,0,False,average_per_token_negative_log_likelihood,,True,4.177321910858154,3.8331809043884277,,,,,,,,
loss_federated_llm_adaptation_v1_28f5262d0a28f101,2-firexport_basic_1789247966014.csv,213,legacy,loss,5,0,False,average_per_token_negative_log_likelihood,<redacted real dataset record>,False,4.567550182342529,3.836770534515381,,,,,,,,
loss_federated_llm_adaptation_v1_41eee18eab1757f8,2-firexport_basic_1789247966014.csv,214,legacy,loss,0,0,True,average_per_token_negative_log_likelihood,,True,3.835036516189575,5.003121614456177,,,,,,,,
loss_federated_llm_adaptation_v1_41eee18eab1757f8,2-firexport_basic_1789247966014.csv,214,legacy,loss,1,0,True,average_per_token_negative_log_likelihood,<redacted real dataset record>,False,4.220923900604248,4.976256847381592,,,,,,,,
loss_federated_llm_adaptation_v1_41eee18eab1757f8,2-firexport_basic_1789247966014.csv,214,legacy,loss,2,0,True,average_per_token_negative_log_likelihood,,True,4.224761009216309,4.7998223304748535,,,,,,,,
loss_federated_llm_adaptation_v1_41eee18eab1757f8,2-firexport_basic_1789247966014.csv,214,legacy,loss,3,0,True,average_per_token_negative_log_likelihood,<redacted real dataset record>,False,4.568649768829346,4.772053003311157,,,,,,,,
loss_federated_llm_adaptation_v1_41eee18eab1757f8,2-firexport_basic_1789247966014.csv,214,legacy,loss,4,0,False,average_per_token_negative_log_likelihood,,True,5.41028356552124,4.471564292907715,,,,,,,,
loss_federated_llm_adaptation_v1_41eee18eab1757f8,2-firexport_basic_1789247966014.csv,214,legacy,loss,5,0,False,average_per_token_negative_log_likelihood,<redacted real dataset record>,False,5.765769958496094,4.463587760925293,,,,,,,,
loss_federated_llm_adaptation_v1_4ddfab539fdbae35,2-firexport_basic_1789247966014.csv,215,legacy,loss,0,0,False,average_per_token_negative_log_likelihood,,True,4.868627071380615,3.6270506381988525,,,,,,,,
loss_federated_llm_adaptation_v1_4ddfab539fdbae35,2-firexport_basic_1789247966014.csv,215,legacy,loss,1,0,False,average_per_token_negative_log_likelihood,<redacted real dataset record>,False,5.034854412078857,3.629957437515259,,,,,,,,
loss_federated_llm_adaptation_v1_4ddfab539fdbae35,2-firexport_basic_1789247966014.csv,215,legacy,loss,2,0,False,average_per_token_negative_log_likelihood,,True,4.609282493591309,3.8869121074676514,,,,,,,,
loss_federated_llm_adaptation_v1_4ddfab539fdbae35,2-firexport_basic_1789247966014.csv,215,legacy,loss,3,0,False,average_per_token_negative_log_likelihood,<redacted real dataset record>,False,4.7971391677856445,3.8566102981567383,,,,,,,,
loss_federated_llm_adaptation_v1_4ddfab539fdbae35,2-firexport_basic_1789247966014.csv,215,legacy,loss,4,0,True,average_per_token_negative_log_likelihood,,True,4.199706077575684,4.333939075469971,,,,,,,,
loss_federated_llm_adaptation_v1_4ddfab539fdbae35,2-firexport_basic_1789247966014.csv,215,legacy,loss,5,0,False,average_per_token_negative_log_likelihood,<redacted real dataset record>,False,4.4873833656311035,4.371279716491699,,,,,,,,
loss_federated_llm_adaptation_v1_73f82bcbaa9f410e,2-firexport_basic_1789247966014.csv,218,legacy,loss,0,0,False,average_per_token_negative_log_likelihood,,True,3.4047141075134277,3.36477530002594,,,,,,,,
loss_federated_llm_adaptation_v1_73f82bcbaa9f410e,2-firexport_basic_1789247966014.csv,218,legacy,loss,1,0,False,average_per_token_negative_log_likelihood,<redacted real dataset record>,False,3.6797995567321777,3.3878663778305054,,,,,,,,
loss_federated_llm_adaptation_v1_73f82bcbaa9f410e,2-firexport_basic_1789247966014.csv,218,legacy,loss,2,0,True,average_per_token_negative_log_likelihood,,True,2.953245162963867,3.02164363861084,,,,,,,,
loss_federated_llm_adaptation_v1_73f82bcbaa9f410e,2-firexport_basic_1789247966014.csv,218,legacy,loss,3,0,False,average_per_token_negative_log_likelihood,<redacted real dataset record>,False,3.1741549968719482,3.025077223777771,,,,,,,,
loss_federated_llm_adaptation_v1_73f82bcbaa9f410e,2-firexport_basic_1789247966014.csv,218,legacy,loss,4,0,True,average_per_token_negative_log_likelihood,,True,2.817817211151123,3.205400586128235,,,,,,,,
loss_federated_llm_adaptation_v1_73f82bcbaa9f410e,2-firexport_basic_1789247966014.csv,218,legacy,loss,5,0,True,average_per_token_negative_log_likelihood,<redacted real dataset record>,False,3.0406494140625,3.20824658870697,,,,,,,,
loss_federated_llm_adaptation_v1_7d34437e6da92da2,2-firexport_basic_1789247966014.csv,219,legacy,loss,0,0,False,average_per_token_negative_log_likelihood,,True,6.8967814445495605,4.824471950531006,,,,,,,,
loss_federated_llm_adaptation_v1_7d34437e6da92da2,2-firexport_basic_1789247966014.csv,219,legacy,loss,1,0,False,average_per_token_negative_log_likelihood,<redacted real dataset record>,False,7.211148262023926,4.809878349304199,,,,,,,,
loss_federated_llm_adaptation_v1_7d34437e6da92da2,2-firexport_basic_1789247966014.csv,219,legacy,loss,2,0,False,average_per_token_negative_log_likelihood,,True,5.013679027557373,4.64922571182251,,,,,,,,
loss_federated_llm_adaptation_v1_7d34437e6da92da2,2-firexport_basic_1789247966014.csv,219,legacy,loss,3,0,False,average_per_token_negative_log_likelihood,<redacted real dataset record>,False,5.372462272644043,4.652538537979126,,,,,,,,
loss_federated_llm_adaptation_v1_7d34437e6da92da2,2-firexport_basic_1789247966014.csv,219,legacy,loss,4,0,False,average_per_token_negative_log_likelihood,,True,4.988488674163818,4.33931565284729,,,,,,,,
loss_federated_llm_adaptation_v1_7d34437e6da92da2,2-firexport_basic_1789247966014.csv,219,legacy,loss,5,0,False,average_per_token_negative_log_likelihood,<redacted real dataset record>,False,5.33687686920166,4.333738088607788,,,,,,,,
loss_federated_llm_adaptation_v1_86d237f0db794a41,2-firexport_basic_1789247966014.csv,221,legacy,loss,0,0,True,average_per_token_negative_log_likelihood,,True,3.6917505264282227,4.686452627182007,,,,,,,,
loss_federated_llm_adaptation_v1_86d237f0db794a41,2-firexport_basic_1789247966014.csv,221,legacy,loss,1,0,True,average_per_token_negative_log_likelihood,<redacted real dataset record>,False,4.1113972663879395,4.721006155014038,,,,,,,,
loss_federated_llm_adaptation_v1_86d237f0db794a41,2-firexport_basic_1789247966014.csv,221,legacy,loss,2,0,False,average_per_token_negative_log_likelihood,,True,4.543410301208496,4.228962540626526,,,,,,,,
loss_federated_llm_adaptation_v1_86d237f0db794a41,2-firexport_basic_1789247966014.csv,221,legacy,loss,3,0,False,average_per_token_negative_log_likelihood,<redacted real dataset record>,False,5.017580986022949,4.244127631187439,,,,,,,,
loss_federated_llm_adaptation_v1_86d237f0db794a41,2-firexport_basic_1789247966014.csv,221,legacy,loss,4,0,True,average_per_token_negative_log_likelihood,,True,4.126377105712891,4.255844831466675,,,,,,,,
loss_federated_llm_adaptation_v1_86d237f0db794a41,2-firexport_basic_1789247966014.csv,221,legacy,loss,5,0,False,average_per_token_negative_log_likelihood,<redacted real dataset record>,False,4.4174017906188965,4.2316179275512695,,,,,,,,
loss_federated_llm_adaptation_v1_8a7d2e19178eb3ec,2-firexport_basic_1789247966014.csv,222,legacy,loss,0,0,True,average_per_token_negative_log_likelihood,,True,4.1070075035095215,4.427300453186035,,,,,,,,
loss_federated_llm_adaptation_v1_8a7d2e19178eb3ec,2-firexport_basic_1789247966014.csv,222,legacy,loss,1,0,True,average_per_token_negative_log_likelihood,<redacted real dataset record>,False,4.348829746246338,4.417003870010376,,,,,,,,
loss_federated_llm_adaptation_v1_8a7d2e19178eb3ec,2-firexport_basic_1789247966014.csv,222,legacy,loss,2,0,False,average_per_token_negative_log_likelihood,,True,4.3691020011901855,4.227870345115662,,,,,,,,
loss_federated_llm_adaptation_v1_8a7d2e19178eb3ec,2-firexport_basic_1789247966014.csv,222,legacy,loss,3,0,False,average_per_token_negative_log_likelihood,<redacted real dataset record>,False,4.675696849822998,4.222746014595032,,,,,,,,
loss_federated_llm_adaptation_v1_8a7d2e19178eb3ec,2-firexport_basic_1789247966014.csv,222,legacy,loss,4,0,False,average_per_token_negative_log_likelihood,,True,4.560733795166016,3.6842050552368164,,,,,,,,
loss_federated_llm_adaptation_v1_8a7d2e19178eb3ec,2-firexport_basic_1789247966014.csv,222,legacy,loss,5,0,False,average_per_token_negative_log_likelihood,<redacted real dataset record>,False,4.9472784996032715,3.7045249938964844,,,,,,,,
loss_federated_llm_adaptation_v1_909b9c8dbe0c5aa8,2-firexport_basic_1789247966014.csv,223,legacy,loss,0,0,True,average_per_token_negative_log_likelihood,,True,3.8169920444488525,4.410686135292053,,,,,,,,
loss_federated_llm_adaptation_v1_909b9c8dbe0c5aa8,2-firexport_basic_1789247966014.csv,223,legacy,loss,1,0,True,average_per_token_negative_log_likelihood,<redacted real dataset record>,False,4.216757774353027,4.446163058280945,,,,,,,,
loss_federated_llm_adaptation_v1_909b9c8dbe0c5aa8,2-firexport_basic_1789247966014.csv,223,legacy,loss,2,0,True,average_per_token_negative_log_likelihood,,True,5.030333518981934,5.168845891952515,,,,,,,,
loss_federated_llm_adaptation_v1_909b9c8dbe0c5aa8,2-firexport_basic_1789247966014.csv,223,legacy,loss,3,0,False,average_per_token_negative_log_likelihood,<redacted real dataset record>,False,5.515790939331055,5.171874046325684,,,,,,,,
loss_federated_llm_adaptation_v1_909b9c8dbe0c5aa8,2-firexport_basic_1789247966014.csv,223,legacy,loss,4,0,False,average_per_token_negative_log_likelihood,,True,5.154178619384766,4.560701370239258,,,,,,,,
loss_federated_llm_adaptation_v1_909b9c8dbe0c5aa8,2-firexport_basic_1789247966014.csv,223,legacy,loss,5,0,False,average_per_token_negative_log_likelihood,<redacted real dataset record>,False,5.352776050567627,4.555032014846802,,,,,,,,
loss_federated_llm_adaptation_v1_f90a9ec19f413285,2-firexport_basic_1789247966014.csv,227,legacy,loss,0,0,True,average_per_token_negative_log_likelihood,,True,4.01737117767334,4.768856525421143,,,,,,,,
loss_federated_llm_adaptation_v1_f90a9ec19f413285,2-firexport_basic_1789247966014.csv,227,legacy,loss,1,0,True,average_per_token_negative_log_likelihood,<redacted real dataset record>,False,4.128057956695557,4.764137506484985,,,,,,,,
loss_federated_llm_adaptation_v1_f90a9ec19f413285,2-firexport_basic_1789247966014.csv,227,legacy,loss,2,0,False,average_per_token_negative_log_likelihood,,True,5.405684471130371,4.2252490520477295,,,,,,,,
loss_federated_llm_adaptation_v1_f90a9ec19f413285,2-firexport_basic_1789247966014.csv,227,legacy,loss,3,0,False,average_per_token_negative_log_likelihood,<redacted real dataset record>,False,5.53985071182251,4.219603061676025,,,,,,,,
loss_federated_llm_adaptation_v1_f90a9ec19f413285,2-firexport_basic_1789247966014.csv,227,legacy,loss,4,0,False,average_per_token_negative_log_likelihood,,True,5.282067775726318,4.066468954086304,,,,,,,,
loss_federated_llm_adaptation_v1_f90a9ec19f413285,2-firexport_basic_1789247966014.csv,227,legacy,loss,5,0,False,average_per_token_negative_log_likelihood,<redacted real dataset record>,False,5.37258768081665,4.061061382293701,,,,,,,,
pipeline_v1_072611547ba24031b8837a92,2-firexport_basic_1789247966014.csv,234,pipeline_v1,zlib,0,,False,,,True,-0.015929265583262724,,,,,,,,,
pipeline_v1_072611547ba24031b8837a92,2-firexport_basic_1789247966014.csv,234,pipeline_v1,zlib,1,,False,,,False,-0.015929244546329276,,,,,,,,,
pipeline_v1_2bd80fbc22c3e2ead4b472dd,2-firexport_basic_1789247966014.csv,243,pipeline_v1,zlib,0,,False,,,True,-0.015929227716782512,,,,,,,,,
pipeline_v1_2bd80fbc22c3e2ead4b472dd,2-firexport_basic_1789247966014.csv,243,pipeline_v1,zlib,1,,False,,,False,-0.015929281010347254,,,,,,,,,
pipeline_v1_51d0239eec7fb0d6d9c1b82c,2-firexport_basic_1789247966014.csv,265,pipeline_v1,min_k_plus_plus,0,,True,,,True,-1.6043763884940005,,,,,,,,,
pipeline_v1_51d0239eec7fb0d6d9c1b82c,2-firexport_basic_1789247966014.csv,265,pipeline_v1,min_k_plus_plus,1,,True,,,False,-1.602002377873524,,,,,,,,,
pipeline_v1_65f6a1dba98035ef0f4b972a,2-firexport_basic_1789247966014.csv,272,pipeline_v1,min_k,0,,False,,,True,-12.90046755472819,,,,,,,,,
pipeline_v1_65f6a1dba98035ef0f4b972a,2-firexport_basic_1789247966014.csv,272,pipeline_v1,min_k,1,,False,,,False,-12.201570510864258,,,,,,,,,
theory_v2_bf5af86558fa_1c96ba426e39c132,2-firexport_basic_1789247966014.csv,333,theory_v2,zlib,0,,True,,,True,-0.0055152982815928845,,,{},7,"{""calibration_token_sha256"": [], ""held_out_token_sha256"": ""2392f9bacfae2d923613641634b1d5dbb3dc929772cab39a745f4f3fe334ad47"", ""partition_token_sha256"": {""0"": [""4977b54b2d4a8f4eac71f33d5dab2244bf8649e533e6bb078ac7143d26f0cfa7"", ""a7f26b428128aafa32d79b359cf63265ef0bc21c5967f124372c8b653b3a842a"", ""ea0d0fcb8bb6c00bc4ce320b4370d08c58af44c5c419bc91da1beb1272e5e9de"", ""baf340df312716d0e52f4bafe12a3ffe5bd221b96e79337c667c99ab1a535efb"", ""aa083865f9ff30ceb91438a00fee1f2cabf631cc7eac6091fc8fdd1b02ee84e0""], ""1"": [""221bbfaafa2742deede853968584ba74554ec42bb65e122ded7cbf0ab5f8651e"", ""28268c43b46e37be64146a0603d8883e2623b9c89758daf1f36271e77170525d"", ""6acc8574d813ea633dca57e4af20d116058d20317b42a63665e87e56ce3bf8d0"", ""9d289d69aa173fe8559814c0a40553fa727ac0a95e2bbbf81f21c90b74165e35""]}, ""target_token_sha256"": ""aa083865f9ff30ceb91438a00fee1f2cabf631cc7eac6091fc8fdd1b02ee84e0""}",assigned_training_record,True,01209f653c0ece193d86485510fcd04764b6b8a495c79528645e1f5825ff87b4,
theory_v2_bf5af86558fa_1c96ba426e39c132,2-firexport_basic_1789247966014.csv,333,theory_v2,zlib,1,,False,,,False,-0.005973261663283424,,,{},7,"{""calibration_token_sha256"": [], ""held_out_token_sha256"": ""2392f9bacfae2d923613641634b1d5dbb3dc929772cab39a745f4f3fe334ad47"", ""partition_token_sha256"": {""0"": [""4977b54b2d4a8f4eac71f33d5dab2244bf8649e533e6bb078ac7143d26f0cfa7"", ""a7f26b428128aafa32d79b359cf63265ef0bc21c5967f124372c8b653b3a842a"", ""ea0d0fcb8bb6c00bc4ce320b4370d08c58af44c5c419bc91da1beb1272e5e9de"", ""baf340df312716d0e52f4bafe12a3ffe5bd221b96e79337c667c99ab1a535efb"", ""2392f9bacfae2d923613641634b1d5dbb3dc929772cab39a745f4f3fe334ad47""], ""1"": [""221bbfaafa2742deede853968584ba74554ec42bb65e122ded7cbf0ab5f8651e"", ""28268c43b46e37be64146a0603d8883e2623b9c89758daf1f36271e77170525d"", ""6acc8574d813ea633dca57e4af20d116058d20317b42a63665e87e56ce3bf8d0"", ""9d289d69aa173fe8559814c0a40553fa727ac0a95e2bbbf81f21c90b74165e35""]}, ""target_token_sha256"": ""aa083865f9ff30ceb91438a00fee1f2cabf631cc7eac6091fc8fdd1b02ee84e0""}",assigned_training_record,False,01209f653c0ece193d86485510fcd04764b6b8a495c79528645e1f5825ff87b4,
theory_v2_bf5af86558fa_1c96ba426e39c132,2-firexport_basic_1789247966014.csv,333,theory_v2,zlib,2,,False,,,True,-0.007924734037133712,,,{},8,"{""calibration_token_sha256"": [], ""held_out_token_sha256"": ""ecabb50be19bccf2bd5c009c3a123fa192472e36a6fd914c2f72a9b6dc91746e"", ""partition_token_sha256"": {""0"": [""d38a636761a5e28a92c38a22d3ab0566670e2fb90e0c7c811701d62829136177"", ""4e73de5dc192e3114444f406b298cb6759cce89a4130254a26f38ac6ac3ae284"", ""3a949dcc9567be1ae1055d84caf7ffb6c5e0c61b0bde9fe176be507719b94093"", ""3485a08a1edcb1830ec838d79c91183b00341668d39ef1bd575805dc56c9bf9a"", ""850bd38e24418fd01ed7220bd69ec4c547cc3f857ea86ec917ab3e7b76f6b587""], ""1"": [""26e76a189c90518faf1a8bf4f9cc69f4b4be6944b437907c8f8990f306e38711"", ""757c5c62b1c6411b4f94e3f0e629fa8b173c256c30a5fc3e0091f9dab268602f"", ""39bcc5f1fc5772b92297954e12b524d954c70bb5b152683ab521467157850335"", ""146c892dbcf08e74e64d636221e9123571fd3d64ecd5e515983e6c71b8343945""]}, ""target_token_sha256"": ""850bd38e24418fd01ed7220bd69ec4c547cc3f857ea86ec917ab3e7b76f6b587""}",assigned_training_record,True,471919e882c0311dfd0d6a9f70de554b6187146afb0c4049dc021a19f2eb22b2,
theory_v2_bf5af86558fa_1c96ba426e39c132,2-firexport_basic_1789247966014.csv,333,theory_v2,zlib,3,,False,,,False,-0.008724238299116303,,,{},8,"{""calibration_token_sha256"": [], ""held_out_token_sha256"": ""ecabb50be19bccf2bd5c009c3a123fa192472e36a6fd914c2f72a9b6dc91746e"", ""partition_token_sha256"": {""0"": [""d38a636761a5e28a92c38a22d3ab0566670e2fb90e0c7c811701d62829136177"", ""4e73de5dc192e3114444f406b298cb6759cce89a4130254a26f38ac6ac3ae284"", ""3a949dcc9567be1ae1055d84caf7ffb6c5e0c61b0bde9fe176be507719b94093"", ""3485a08a1edcb1830ec838d79c91183b00341668d39ef1bd575805dc56c9bf9a"", ""ecabb50be19bccf2bd5c009c3a123fa192472e36a6fd914c2f72a9b6dc91746e""], ""1"": [""26e76a189c90518faf1a8bf4f9cc69f4b4be6944b437907c8f8990f306e38711"", ""757c5c62b1c6411b4f94e3f0e629fa8b173c256c30a5fc3e0091f9dab268602f"", ""39bcc5f1fc5772b92297954e12b524d954c70bb5b152683ab521467157850335"", ""146c892dbcf08e74e64d636221e9123571fd3d64ecd5e515983e6c71b8343945""]}, ""target_token_sha256"": ""850bd38e24418fd01ed7220bd69ec4c547cc3f857ea86ec917ab3e7b76f6b587""}",assigned_training_record,False,471919e882c0311dfd0d6a9f70de554b6187146afb0c4049dc021a19f2eb22b2,
theory_v2_bf5af86558fa_1c96ba426e39c132,2-firexport_basic_1789247966014.csv,333,theory_v2,zlib,4,,True,,,True,-0.004801664444116446,,,{},9,"{""calibration_token_sha256"": [], ""held_out_token_sha256"": ""633f4afcfebf8228aa6a47f9b0ad5fb420c13ff804bfadd23652f4e466ea93b3"", ""partition_token_sha256"": {""0"": [""0b31d640cfe80f1c2b24857bb91c6c82fa24621bc033b72963b14950c24c8c3d"", ""f0051840ba6726e5c03e9003e675ba87ae368c8aa8fb719ede30030df2788e87"", ""4977b54b2d4a8f4eac71f33d5dab2244bf8649e533e6bb078ac7143d26f0cfa7"", ""e9ed285c492e0bd09b52d13ffeb1a29c93ef6bee19ab333362610d1203545382"", ""05af24b79e1701198036ced397bc025fe1f8609cc12975a35be64d916d5b889c""], ""1"": [""4f52d4feebc7ffad83c3428760f2a3d1ba832638b03c29c2ce48390fb36fc35a"", ""3c9abfda8d4251aa5bcc95170c0b9e0824a9bad60c448a5ceba3f8f9a07ddec5"", ""5c378b7de6b68d97dc155b1fe191f2d05aeef1cb152c5b979d748878e8b3e9ce"", ""d177548d17dc99e409ed453a24e4821b72787e98812225709037d4ccf4728495""]}, ""target_token_sha256"": ""05af24b79e1701198036ced397bc025fe1f8609cc12975a35be64d916d5b889c""}",assigned_training_record,True,cf4798671a36121038dc31a64bef92b7222db0467cd0f43aa9c045e8d612bcf8,
theory_v2_bf5af86558fa_1c96ba426e39c132,2-firexport_basic_1789247966014.csv,333,theory_v2,zlib,5,,True,,,False,-0.005192566834963285,,,{},9,"{""calibration_token_sha256"": [], ""held_out_token_sha256"": ""633f4afcfebf8228aa6a47f9b0ad5fb420c13ff804bfadd23652f4e466ea93b3"", ""partition_token_sha256"": {""0"": [""0b31d640cfe80f1c2b24857bb91c6c82fa24621bc033b72963b14950c24c8c3d"", ""f0051840ba6726e5c03e9003e675ba87ae368c8aa8fb719ede30030df2788e87"", ""4977b54b2d4a8f4eac71f33d5dab2244bf8649e533e6bb078ac7143d26f0cfa7"", ""e9ed285c492e0bd09b52d13ffeb1a29c93ef6bee19ab333362610d1203545382"", ""633f4afcfebf8228aa6a47f9b0ad5fb420c13ff804bfadd23652f4e466ea93b3""], ""1"": [""4f52d4feebc7ffad83c3428760f2a3d1ba832638b03c29c2ce48390fb36fc35a"", ""3c9abfda8d4251aa5bcc95170c0b9e0824a9bad60c448a5ceba3f8f9a07ddec5"", ""5c378b7de6b68d97dc155b1fe191f2d05aeef1cb152c5b979d748878e8b3e9ce"", ""d177548d17dc99e409ed453a24e4821b72787e98812225709037d4ccf4728495""]}, ""target_token_sha256"": ""05af24b79e1701198036ced397bc025fe1f8609cc12975a35be64d916d5b889c""}",assigned_training_record,False,cf4798671a36121038dc31a64bef92b7222db0467cd0f43aa9c045e8d612bcf8,
theory_v2_bf5af86558fa_4ce4c6db0e823140,2-firexport_basic_1789247966014.csv,334,theory_v2,samia,0,,False,,,True,0.14285714285714285,,,"{""candidate_sha256"": ""01209f653c0ece193d86485510fcd04764b6b8a495c79528645e1f5825ff87b4"", ""continuation_sha256"": [""d03bdd74a3a940e87b8d97481fc643be738829ea4770f275925ef1d7b683722f"", ""2e5c216c2a5006585f7bcd15df787ed0127e9198fcd8ed6a1dab3faf292f627a"", ""1f44641d7390a31f801d8a50306ae256f390d76d404b53a6f02c107373d5a439""], ""generation_max_length"": 1024, ""generation_seed"": 7}",7,"{""calibration_token_sha256"": [], ""held_out_token_sha256"": ""2392f9bacfae2d923613641634b1d5dbb3dc929772cab39a745f4f3fe334ad47"", ""partition_token_sha256"": {""0"": [""4977b54b2d4a8f4eac71f33d5dab2244bf8649e533e6bb078ac7143d26f0cfa7"", ""a7f26b428128aafa32d79b359cf63265ef0bc21c5967f124372c8b653b3a842a"", ""ea0d0fcb8bb6c00bc4ce320b4370d08c58af44c5c419bc91da1beb1272e5e9de"", ""baf340df312716d0e52f4bafe12a3ffe5bd221b96e79337c667c99ab1a535efb"", ""aa083865f9ff30ceb91438a00fee1f2cabf631cc7eac6091fc8fdd1b02ee84e0""], ""1"": [""221bbfaafa2742deede853968584ba74554ec42bb65e122ded7cbf0ab5f8651e"", ""28268c43b46e37be64146a0603d8883e2623b9c89758daf1f36271e77170525d"", ""6acc8574d813ea633dca57e4af20d116058d20317b42a63665e87e56ce3bf8d0"", ""9d289d69aa173fe8559814c0a40553fa727ac0a95e2bbbf81f21c90b74165e35""]}, ""target_token_sha256"": ""aa083865f9ff30ceb91438a00fee1f2cabf631cc7eac6091fc8fdd1b02ee84e0""}",assigned_training_record,True,01209f653c0ece193d86485510fcd04764b6b8a495c79528645e1f5825ff87b4,
theory_v2_bf5af86558fa_4ce4c6db0e823140,2-firexport_basic_1789247966014.csv,334,theory_v2,samia,1,,False,,,False,0.14285714285714285,,,"{""candidate_sha256"": ""01209f653c0ece193d86485510fcd04764b6b8a495c79528645e1f5825ff87b4"", ""continuation_sha256"": [""b9e5f5944eb4f1af4d423ff49a5f4e42280318d631ecbf21aa72df3bc9f89f2a"", ""487300712d01bd7e1e4914718b82f0e020b48e3df06ceb39d0ef1264af7d9002"", ""49605f16b19882080d959715b86fb3052414acf0dff5c8a20657a35a85f83e56""], ""generation_max_length"": 1024, ""generation_seed"": 7}",7,"{""calibration_token_sha256"": [], ""held_out_token_sha256"": ""2392f9bacfae2d923613641634b1d5dbb3dc929772cab39a745f4f3fe334ad47"", ""partition_token_sha256"": {""0"": [""4977b54b2d4a8f4eac71f33d5dab2244bf8649e533e6bb078ac7143d26f0cfa7"", ""a7f26b428128aafa32d79b359cf63265ef0bc21c5967f124372c8b653b3a842a"", ""ea0d0fcb8bb6c00bc4ce320b4370d08c58af44c5c419bc91da1beb1272e5e9de"", ""baf340df312716d0e52f4bafe12a3ffe5bd221b96e79337c667c99ab1a535efb"", ""2392f9bacfae2d923613641634b1d5dbb3dc929772cab39a745f4f3fe334ad47""], ""1"": [""221bbfaafa2742deede853968584ba74554ec42bb65e122ded7cbf0ab5f8651e"", ""28268c43b46e37be64146a0603d8883e2623b9c89758daf1f36271e77170525d"", ""6acc8574d813ea633dca57e4af20d116058d20317b42a63665e87e56ce3bf8d0"", ""9d289d69aa173fe8559814c0a40553fa727ac0a95e2bbbf81f21c90b74165e35""]}, ""target_token_sha256"": ""aa083865f9ff30ceb91438a00fee1f2cabf631cc7eac6091fc8fdd1b02ee84e0""}",assigned_training_record,False,01209f653c0ece193d86485510fcd04764b6b8a495c79528645e1f5825ff87b4,
theory_v2_bf5af86558fa_4ce4c6db0e823140,2-firexport_basic_1789247966014.csv,334,theory_v2,samia,2,,False,,,True,0.05555555555555555,,,"{""candidate_sha256"": ""471919e882c0311dfd0d6a9f70de554b6187146afb0c4049dc021a19f2eb22b2"", ""continuation_sha256"": [""aae590e39e11615ef4d1b82194722ca297f4a6bb9febf2d0640c51862215ebc5"", ""3da25d5a44df494497ffc37a2f1dc819c3f0c5656961055994b4f5e8a3466f19"", ""2142792b5020d9d05b7d50b2d23414e5b1f058b4f0b63f52da7942566af4617e""], ""generation_max_length"": 1024, ""generation_seed"": 8}",8,"{""calibration_token_sha256"": [], ""held_out_token_sha256"": ""ecabb50be19bccf2bd5c009c3a123fa192472e36a6fd914c2f72a9b6dc91746e"", ""partition_token_sha256"": {""0"": [""d38a636761a5e28a92c38a22d3ab0566670e2fb90e0c7c811701d62829136177"", ""4e73de5dc192e3114444f406b298cb6759cce89a4130254a26f38ac6ac3ae284"", ""3a949dcc9567be1ae1055d84caf7ffb6c5e0c61b0bde9fe176be507719b94093"", ""3485a08a1edcb1830ec838d79c91183b00341668d39ef1bd575805dc56c9bf9a"", ""850bd38e24418fd01ed7220bd69ec4c547cc3f857ea86ec917ab3e7b76f6b587""], ""1"": [""26e76a189c90518faf1a8bf4f9cc69f4b4be6944b437907c8f8990f306e38711"", ""757c5c62b1c6411b4f94e3f0e629fa8b173c256c30a5fc3e0091f9dab268602f"", ""39bcc5f1fc5772b92297954e12b524d954c70bb5b152683ab521467157850335"", ""146c892dbcf08e74e64d636221e9123571fd3d64ecd5e515983e6c71b8343945""]}, ""target_token_sha256"": ""850bd38e24418fd01ed7220bd69ec4c547cc3f857ea86ec917ab3e7b76f6b587""}",assigned_training_record,True,471919e882c0311dfd0d6a9f70de554b6187146afb0c4049dc021a19f2eb22b2,
theory_v2_bf5af86558fa_4ce4c6db0e823140,2-firexport_basic_1789247966014.csv,334,theory_v2,samia,3,,False,,,False,0,,,"{""candidate_sha256"": ""471919e882c0311dfd0d6a9f70de554b6187146afb0c4049dc021a19f2eb22b2"", ""continuation_sha256"": [""4dd09a58bab839a16cc9b079dab3803eb56d25fef9cec56ff54dffa819187def"", ""45b2e78af0bef2a3e8696483534d32f0ca582b2330c1176da8a062a482f53c2f"", ""f4b891100e0d57a59c5161b58d421cb6144b151d728c84474a6e2899e5efb549""], ""generation_max_length"": 1024, ""generation_seed"": 8}",8,"{""calibration_token_sha256"": [], ""held_out_token_sha256"": ""ecabb50be19bccf2bd5c009c3a123fa192472e36a6fd914c2f72a9b6dc91746e"", ""partition_token_sha256"": {""0"": [""d38a636761a5e28a92c38a22d3ab0566670e2fb90e0c7c811701d62829136177"", ""4e73de5dc192e3114444f406b298cb6759cce89a4130254a26f38ac6ac3ae284"", ""3a949dcc9567be1ae1055d84caf7ffb6c5e0c61b0bde9fe176be507719b94093"", ""3485a08a1edcb1830ec838d79c91183b00341668d39ef1bd575805dc56c9bf9a"", ""ecabb50be19bccf2bd5c009c3a123fa192472e36a6fd914c2f72a9b6dc91746e""], ""1"": [""26e76a189c90518faf1a8bf4f9cc69f4b4be6944b437907c8f8990f306e38711"", ""757c5c62b1c6411b4f94e3f0e629fa8b173c256c30a5fc3e0091f9dab268602f"", ""39bcc5f1fc5772b92297954e12b524d954c70bb5b152683ab521467157850335"", ""146c892dbcf08e74e64d636221e9123571fd3d64ecd5e515983e6c71b8343945""]}, ""target_token_sha256"": ""850bd38e24418fd01ed7220bd69ec4c547cc3f857ea86ec917ab3e7b76f6b587""}",assigned_training_record,False,471919e882c0311dfd0d6a9f70de554b6187146afb0c4049dc021a19f2eb22b2,
theory_v2_bf5af86558fa_4ce4c6db0e823140,2-firexport_basic_1789247966014.csv,334,theory_v2,samia,4,,False,,,True,0.16666666666666666,,,"{""candidate_sha256"": ""cf4798671a36121038dc31a64bef92b7222db0467cd0f43aa9c045e8d612bcf8"", ""continuation_sha256"": [""114cdbdc8def980b3efcea26190f7d40f61cabf7c8f04c269bd4a4de9c80de77"", ""9495c64fc977fbfd50496f4c66374b8b7f35aef3eb939bc6408e5ecd25c47519"", ""f64a3571affad907ceeb8d843d9eee68d1706753a5ce1ef7cb51b00712ed52e3""], ""generation_max_length"": 1024, ""generation_seed"": 9}",9,"{""calibration_token_sha256"": [], ""held_out_token_sha256"": ""633f4afcfebf8228aa6a47f9b0ad5fb420c13ff804bfadd23652f4e466ea93b3"", ""partition_token_sha256"": {""0"": [""0b31d640cfe80f1c2b24857bb91c6c82fa24621bc033b72963b14950c24c8c3d"", ""f0051840ba6726e5c03e9003e675ba87ae368c8aa8fb719ede30030df2788e87"", ""4977b54b2d4a8f4eac71f33d5dab2244bf8649e533e6bb078ac7143d26f0cfa7"", ""e9ed285c492e0bd09b52d13ffeb1a29c93ef6bee19ab333362610d1203545382"", ""05af24b79e1701198036ced397bc025fe1f8609cc12975a35be64d916d5b889c""], ""1"": [""4f52d4feebc7ffad83c3428760f2a3d1ba832638b03c29c2ce48390fb36fc35a"", ""3c9abfda8d4251aa5bcc95170c0b9e0824a9bad60c448a5ceba3f8f9a07ddec5"", ""5c378b7de6b68d97dc155b1fe191f2d05aeef1cb152c5b979d748878e8b3e9ce"", ""d177548d17dc99e409ed453a24e4821b72787e98812225709037d4ccf4728495""]}, ""target_token_sha256"": ""05af24b79e1701198036ced397bc025fe1f8609cc12975a35be64d916d5b889c""}",assigned_training_record,True,cf4798671a36121038dc31a64bef92b7222db0467cd0f43aa9c045e8d612bcf8,
theory_v2_bf5af86558fa_4ce4c6db0e823140,2-firexport_basic_1789247966014.csv,334,theory_v2,samia,5,,False,,,False,0.13888888888888887,,,"{""candidate_sha256"": ""cf4798671a36121038dc31a64bef92b7222db0467cd0f43aa9c045e8d612bcf8"", ""continuation_sha256"": [""827a83a5b705b54677b0903444b6790af3eaebd31987d805e160791098362513"", ""13db075fc8cae4c168e70a342c65bb737556c2258e9016bd479883c4e4a5cdc2"", ""9622618c66dbb1f7d3e3f64c7acf48abd52b504243aa816ae9d1253406e3703e""], ""generation_max_length"": 1024, ""generation_seed"": 9}",9,"{""calibration_token_sha256"": [], ""held_out_token_sha256"": ""633f4afcfebf8228aa6a47f9b0ad5fb420c13ff804bfadd23652f4e466ea93b3"", ""partition_token_sha256"": {""0"": [""0b31d640cfe80f1c2b24857bb91c6c82fa24621bc033b72963b14950c24c8c3d"", ""f0051840ba6726e5c03e9003e675ba87ae368c8aa8fb719ede30030df2788e87"", ""4977b54b2d4a8f4eac71f33d5dab2244bf8649e533e6bb078ac7143d26f0cfa7"", ""e9ed285c492e0bd09b52d13ffeb1a29c93ef6bee19ab333362610d1203545382"", ""633f4afcfebf8228aa6a47f9b0ad5fb420c13ff804bfadd23652f4e466ea93b3""], ""1"": [""4f52d4feebc7ffad83c3428760f2a3d1ba832638b03c29c2ce48390fb36fc35a"", ""3c9abfda8d4251aa5bcc95170c0b9e0824a9bad60c448a5ceba3f8f9a07ddec5"", ""5c378b7de6b68d97dc155b1fe191f2d05aeef1cb152c5b979d748878e8b3e9ce"", ""d177548d17dc99e409ed453a24e4821b72787e98812225709037d4ccf4728495""]}, ""target_token_sha256"": ""05af24b79e1701198036ced397bc025fe1f8609cc12975a35be64d916d5b889c""}",assigned_training_record,False,cf4798671a36121038dc31a64bef92b7222db0467cd0f43aa9c045e8d612bcf8,
theory_v2_bf5af86558fa_81f9026cf19c8058,2-firexport_basic_1789247966014.csv,335,theory_v2,reference,0,,False,,,True,-0.8995416378234836,,,{},7,"{""calibration_token_sha256"": [], ""held_out_token_sha256"": ""2392f9bacfae2d923613641634b1d5dbb3dc929772cab39a745f4f3fe334ad47"", ""partition_token_sha256"": {""0"": [""4977b54b2d4a8f4eac71f33d5dab2244bf8649e533e6bb078ac7143d26f0cfa7"", ""a7f26b428128aafa32d79b359cf63265ef0bc21c5967f124372c8b653b3a842a"", ""ea0d0fcb8bb6c00bc4ce320b4370d08c58af44c5c419bc91da1beb1272e5e9de"", ""baf340df312716d0e52f4bafe12a3ffe5bd221b96e79337c667c99ab1a535efb"", ""aa083865f9ff30ceb91438a00fee1f2cabf631cc7eac6091fc8fdd1b02ee84e0""], ""1"": [""221bbfaafa2742deede853968584ba74554ec42bb65e122ded7cbf0ab5f8651e"", ""28268c43b46e37be64146a0603d8883e2623b9c89758daf1f36271e77170525d"", ""6acc8574d813ea633dca57e4af20d116058d20317b42a63665e87e56ce3bf8d0"", ""9d289d69aa173fe8559814c0a40553fa727ac0a95e2bbbf81f21c90b74165e35""]}, ""target_token_sha256"": ""aa083865f9ff30ceb91438a00fee1f2cabf631cc7eac6091fc8fdd1b02ee84e0""}",assigned_training_record,True,01209f653c0ece193d86485510fcd04764b6b8a495c79528645e1f5825ff87b4,
theory_v2_bf5af86558fa_81f9026cf19c8058,2-firexport_basic_1789247966014.csv,335,theory_v2,reference,1,,False,,,False,-0.974235173765861,,,{},7,"{""calibration_token_sha256"": [], ""held_out_token_sha256"": ""2392f9bacfae2d923613641634b1d5dbb3dc929772cab39a745f4f3fe334ad47"", ""partition_token_sha256"": {""0"": [""4977b54b2d4a8f4eac71f33d5dab2244bf8649e533e6bb078ac7143d26f0cfa7"", ""a7f26b428128aafa32d79b359cf63265ef0bc21c5967f124372c8b653b3a842a"", ""ea0d0fcb8bb6c00bc4ce320b4370d08c58af44c5c419bc91da1beb1272e5e9de"", ""baf340df312716d0e52f4bafe12a3ffe5bd221b96e79337c667c99ab1a535efb"", ""2392f9bacfae2d923613641634b1d5dbb3dc929772cab39a745f4f3fe334ad47""], ""1"": [""221bbfaafa2742deede853968584ba74554ec42bb65e122ded7cbf0ab5f8651e"", ""28268c43b46e37be64146a0603d8883e2623b9c89758daf1f36271e77170525d"", ""6acc8574d813ea633dca57e4af20d116058d20317b42a63665e87e56ce3bf8d0"", ""9d289d69aa173fe8559814c0a40553fa727ac0a95e2bbbf81f21c90b74165e35""]}, ""target_token_sha256"": ""aa083865f9ff30ceb91438a00fee1f2cabf631cc7eac6091fc8fdd1b02ee84e0""}",assigned_training_record,False,01209f653c0ece193d86485510fcd04764b6b8a495c79528645e1f5825ff87b4,
theory_v2_bf5af86558fa_81f9026cf19c8058,2-firexport_basic_1789247966014.csv,335,theory_v2,reference,2,,False,,,True,-0.8644279013344449,,,{},8,"{""calibration_token_sha256"": [], ""held_out_token_sha256"": ""ecabb50be19bccf2bd5c009c3a123fa192472e36a6fd914c2f72a9b6dc91746e"", ""partition_token_sha256"": {""0"": [""d38a636761a5e28a92c38a22d3ab0566670e2fb90e0c7c811701d62829136177"", ""4e73de5dc192e3114444f406b298cb6759cce89a4130254a26f38ac6ac3ae284"", ""3a949dcc9567be1ae1055d84caf7ffb6c5e0c61b0bde9fe176be507719b94093"", ""3485a08a1edcb1830ec838d79c91183b00341668d39ef1bd575805dc56c9bf9a"", ""850bd38e24418fd01ed7220bd69ec4c547cc3f857ea86ec917ab3e7b76f6b587""], ""1"": [""26e76a189c90518faf1a8bf4f9cc69f4b4be6944b437907c8f8990f306e38711"", ""757c5c62b1c6411b4f94e3f0e629fa8b173c256c30a5fc3e0091f9dab268602f"", ""39bcc5f1fc5772b92297954e12b524d954c70bb5b152683ab521467157850335"", ""146c892dbcf08e74e64d636221e9123571fd3d64ecd5e515983e6c71b8343945""]}, ""target_token_sha256"": ""850bd38e24418fd01ed7220bd69ec4c547cc3f857ea86ec917ab3e7b76f6b587""}",assigned_training_record,True,471919e882c0311dfd0d6a9f70de554b6187146afb0c4049dc021a19f2eb22b2,
theory_v2_bf5af86558fa_81f9026cf19c8058,2-firexport_basic_1789247966014.csv,335,theory_v2,reference,3,,False,,,False,-0.9516376156359136,,,{},8,"{""calibration_token_sha256"": [], ""held_out_token_sha256"": ""ecabb50be19bccf2bd5c009c3a123fa192472e36a6fd914c2f72a9b6dc91746e"", ""partition_token_sha256"": {""0"": [""d38a636761a5e28a92c38a22d3ab0566670e2fb90e0c7c811701d62829136177"", ""4e73de5dc192e3114444f406b298cb6759cce89a4130254a26f38ac6ac3ae284"", ""3a949dcc9567be1ae1055d84caf7ffb6c5e0c61b0bde9fe176be507719b94093"", ""3485a08a1edcb1830ec838d79c91183b00341668d39ef1bd575805dc56c9bf9a"", ""ecabb50be19bccf2bd5c009c3a123fa192472e36a6fd914c2f72a9b6dc91746e""], ""1"": [""26e76a189c90518faf1a8bf4f9cc69f4b4be6944b437907c8f8990f306e38711"", ""757c5c62b1c6411b4f94e3f0e629fa8b173c256c30a5fc3e0091f9dab268602f"", ""39bcc5f1fc5772b92297954e12b524d954c70bb5b152683ab521467157850335"", ""146c892dbcf08e74e64d636221e9123571fd3d64ecd5e515983e6c71b8343945""]}, ""target_token_sha256"": ""850bd38e24418fd01ed7220bd69ec4c547cc3f857ea86ec917ab3e7b76f6b587""}",assigned_training_record,False,471919e882c0311dfd0d6a9f70de554b6187146afb0c4049dc021a19f2eb22b2,
theory_v2_bf5af86558fa_81f9026cf19c8058,2-firexport_basic_1789247966014.csv,335,theory_v2,reference,4,,False,,,True,-0.910168846775282,,,{},9,"{""calibration_token_sha256"": [], ""held_out_token_sha256"": ""633f4afcfebf8228aa6a47f9b0ad5fb420c13ff804bfadd23652f4e466ea93b3"", ""partition_token_sha256"": {""0"": [""0b31d640cfe80f1c2b24857bb91c6c82fa24621bc033b72963b14950c24c8c3d"", ""f0051840ba6726e5c03e9003e675ba87ae368c8aa8fb719ede30030df2788e87"", ""4977b54b2d4a8f4eac71f33d5dab2244bf8649e533e6bb078ac7143d26f0cfa7"", ""e9ed285c492e0bd09b52d13ffeb1a29c93ef6bee19ab333362610d1203545382"", ""05af24b79e1701198036ced397bc025fe1f8609cc12975a35be64d916d5b889c""], ""1"": [""4f52d4feebc7ffad83c3428760f2a3d1ba832638b03c29c2ce48390fb36fc35a"", ""3c9abfda8d4251aa5bcc95170c0b9e0824a9bad60c448a5ceba3f8f9a07ddec5"", ""5c378b7de6b68d97dc155b1fe191f2d05aeef1cb152c5b979d748878e8b3e9ce"", ""d177548d17dc99e409ed453a24e4821b72787e98812225709037d4ccf4728495""]}, ""target_token_sha256"": ""05af24b79e1701198036ced397bc025fe1f8609cc12975a35be64d916d5b889c""}",assigned_training_record,True,cf4798671a36121038dc31a64bef92b7222db0467cd0f43aa9c045e8d612bcf8,
theory_v2_bf5af86558fa_81f9026cf19c8058,2-firexport_basic_1789247966014.csv,335,theory_v2,reference,5,,False,,,False,-0.9842654818941146,,,{},9,"{""calibration_token_sha256"": [], ""held_out_token_sha256"": ""633f4afcfebf8228aa6a47f9b0ad5fb420c13ff804bfadd23652f4e466ea93b3"", ""partition_token_sha256"": {""0"": [""0b31d640cfe80f1c2b24857bb91c6c82fa24621bc033b72963b14950c24c8c3d"", ""f0051840ba6726e5c03e9003e675ba87ae368c8aa8fb719ede30030df2788e87"", ""4977b54b2d4a8f4eac71f33d5dab2244bf8649e533e6bb078ac7143d26f0cfa7"", ""e9ed285c492e0bd09b52d13ffeb1a29c93ef6bee19ab333362610d1203545382"", ""633f4afcfebf8228aa6a47f9b0ad5fb420c13ff804bfadd23652f4e466ea93b3""], ""1"": [""4f52d4feebc7ffad83c3428760f2a3d1ba832638b03c29c2ce48390fb36fc35a"", ""3c9abfda8d4251aa5bcc95170c0b9e0824a9bad60c448a5ceba3f8f9a07ddec5"", ""5c378b7de6b68d97dc155b1fe191f2d05aeef1cb152c5b979d748878e8b3e9ce"", ""d177548d17dc99e409ed453a24e4821b72787e98812225709037d4ccf4728495""]}, ""target_token_sha256"": ""05af24b79e1701198036ced397bc025fe1f8609cc12975a35be64d916d5b889c""}",assigned_training_record,False,cf4798671a36121038dc31a64bef92b7222db0467cd0f43aa9c045e8d612bcf8,
theory_v2_bf5af86558fa_86e814e1d8c65846,2-firexport_basic_1789247966014.csv,336,theory_v2,min_k_plus_plus,0,,True,,,True,-0.914053701774909,,,{},7,"{""calibration_token_sha256"": [], ""held_out_token_sha256"": ""2392f9bacfae2d923613641634b1d5dbb3dc929772cab39a745f4f3fe334ad47"", ""partition_token_sha256"": {""0"": [""4977b54b2d4a8f4eac71f33d5dab2244bf8649e533e6bb078ac7143d26f0cfa7"", ""a7f26b428128aafa32d79b359cf63265ef0bc21c5967f124372c8b653b3a842a"", ""ea0d0fcb8bb6c00bc4ce320b4370d08c58af44c5c419bc91da1beb1272e5e9de"", ""baf340df312716d0e52f4bafe12a3ffe5bd221b96e79337c667c99ab1a535efb"", ""aa083865f9ff30ceb91438a00fee1f2cabf631cc7eac6091fc8fdd1b02ee84e0""], ""1"": [""221bbfaafa2742deede853968584ba74554ec42bb65e122ded7cbf0ab5f8651e"", ""28268c43b46e37be64146a0603d8883e2623b9c89758daf1f36271e77170525d"", ""6acc8574d813ea633dca57e4af20d116058d20317b42a63665e87e56ce3bf8d0"", ""9d289d69aa173fe8559814c0a40553fa727ac0a95e2bbbf81f21c90b74165e35""]}, ""target_token_sha256"": ""aa083865f9ff30ceb91438a00fee1f2cabf631cc7eac6091fc8fdd1b02ee84e0""}",assigned_training_record,True,01209f653c0ece193d86485510fcd04764b6b8a495c79528645e1f5825ff87b4,
theory_v2_bf5af86558fa_86e814e1d8c65846,2-firexport_basic_1789247966014.csv,336,theory_v2,min_k_plus_plus,1,,True,,,False,-0.9992147656213074,,,{},7,"{""calibration_token_sha256"": [], ""held_out_token_sha256"": ""2392f9bacfae2d923613641634b1d5dbb3dc929772cab39a745f4f3fe334ad47"", ""partition_token_sha256"": {""0"": [""4977b54b2d4a8f4eac71f33d5dab2244bf8649e533e6bb078ac7143d26f0cfa7"", ""a7f26b428128aafa32d79b359cf63265ef0bc21c5967f124372c8b653b3a842a"", ""ea0d0fcb8bb6c00bc4ce320b4370d08c58af44c5c419bc91da1beb1272e5e9de"", ""baf340df312716d0e52f4bafe12a3ffe5bd221b96e79337c667c99ab1a535efb"", ""2392f9bacfae2d923613641634b1d5dbb3dc929772cab39a745f4f3fe334ad47""], ""1"": [""221bbfaafa2742deede853968584ba74554ec42bb65e122ded7cbf0ab5f8651e"", ""28268c43b46e37be64146a0603d8883e2623b9c89758daf1f36271e77170525d"", ""6acc8574d813ea633dca57e4af20d116058d20317b42a63665e87e56ce3bf8d0"", ""9d289d69aa173fe8559814c0a40553fa727ac0a95e2bbbf81f21c90b74165e35""]}, ""target_token_sha256"": ""aa083865f9ff30ceb91438a00fee1f2cabf631cc7eac6091fc8fdd1b02ee84e0""}",assigned_training_record,False,01209f653c0ece193d86485510fcd04764b6b8a495c79528645e1f5825ff87b4,
theory_v2_bf5af86558fa_86e814e1d8c65846,2-firexport_basic_1789247966014.csv,336,theory_v2,min_k_plus_plus,2,,True,,,True,-1.8664590880418144,,,{},8,"{""calibration_token_sha256"": [], ""held_out_token_sha256"": ""ecabb50be19bccf2bd5c009c3a123fa192472e36a6fd914c2f72a9b6dc91746e"", ""partition_token_sha256"": {""0"": [""d38a636761a5e28a92c38a22d3ab0566670e2fb90e0c7c811701d62829136177"", ""4e73de5dc192e3114444f406b298cb6759cce89a4130254a26f38ac6ac3ae284"", ""3a949dcc9567be1ae1055d84caf7ffb6c5e0c61b0bde9fe176be507719b94093"", ""3485a08a1edcb1830ec838d79c91183b00341668d39ef1bd575805dc56c9bf9a"", ""850bd38e24418fd01ed7220bd69ec4c547cc3f857ea86ec917ab3e7b76f6b587""], ""1"": [""26e76a189c90518faf1a8bf4f9cc69f4b4be6944b437907c8f8990f306e38711"", ""757c5c62b1c6411b4f94e3f0e629fa8b173c256c30a5fc3e0091f9dab268602f"", ""39bcc5f1fc5772b92297954e12b524d954c70bb5b152683ab521467157850335"", ""146c892dbcf08e74e64d636221e9123571fd3d64ecd5e515983e6c71b8343945""]}, ""target_token_sha256"": ""850bd38e24418fd01ed7220bd69ec4c547cc3f857ea86ec917ab3e7b76f6b587""}",assigned_training_record,True,471919e882c0311dfd0d6a9f70de554b6187146afb0c4049dc021a19f2eb22b2,
theory_v2_bf5af86558fa_86e814e1d8c65846,2-firexport_basic_1789247966014.csv,336,theory_v2,min_k_plus_plus,3,,True,,,False,-2.1634960017032068,,,{},8,"{""calibration_token_sha256"": [], ""held_out_token_sha256"": ""ecabb50be19bccf2bd5c009c3a123fa192472e36a6fd914c2f72a9b6dc91746e"", ""partition_token_sha256"": {""0"": [""d38a636761a5e28a92c38a22d3ab0566670e2fb90e0c7c811701d62829136177"", ""4e73de5dc192e3114444f406b298cb6759cce89a4130254a26f38ac6ac3ae284"", ""3a949dcc9567be1ae1055d84caf7ffb6c5e0c61b0bde9fe176be507719b94093"", ""3485a08a1edcb1830ec838d79c91183b00341668d39ef1bd575805dc56c9bf9a"", ""ecabb50be19bccf2bd5c009c3a123fa192472e36a6fd914c2f72a9b6dc91746e""], ""1"": [""26e76a189c90518faf1a8bf4f9cc69f4b4be6944b437907c8f8990f306e38711"", ""757c5c62b1c6411b4f94e3f0e629fa8b173c256c30a5fc3e0091f9dab268602f"", ""39bcc5f1fc5772b92297954e12b524d954c70bb5b152683ab521467157850335"", ""146c892dbcf08e74e64d636221e9123571fd3d64ecd5e515983e6c71b8343945""]}, ""target_token_sha256"": ""850bd38e24418fd01ed7220bd69ec4c547cc3f857ea86ec917ab3e7b76f6b587""}",assigned_training_record,False,471919e882c0311dfd0d6a9f70de554b6187146afb0c4049dc021a19f2eb22b2,
theory_v2_bf5af86558fa_86e814e1d8c65846,2-firexport_basic_1789247966014.csv,336,theory_v2,min_k_plus_plus,4,,True,,,True,-1.4929934450513431,,,{},9,"{""calibration_token_sha256"": [], ""held_out_token_sha256"": ""633f4afcfebf8228aa6a47f9b0ad5fb420c13ff804bfadd23652f4e466ea93b3"", ""partition_token_sha256"": {""0"": [""0b31d640cfe80f1c2b24857bb91c6c82fa24621bc033b72963b14950c24c8c3d"", ""f0051840ba6726e5c03e9003e675ba87ae368c8aa8fb719ede30030df2788e87"", ""4977b54b2d4a8f4eac71f33d5dab2244bf8649e533e6bb078ac7143d26f0cfa7"", ""e9ed285c492e0bd09b52d13ffeb1a29c93ef6bee19ab333362610d1203545382"", ""05af24b79e1701198036ced397bc025fe1f8609cc12975a35be64d916d5b889c""], ""1"": [""4f52d4feebc7ffad83c3428760f2a3d1ba832638b03c29c2ce48390fb36fc35a"", ""3c9abfda8d4251aa5bcc95170c0b9e0824a9bad60c448a5ceba3f8f9a07ddec5"", ""5c378b7de6b68d97dc155b1fe191f2d05aeef1cb152c5b979d748878e8b3e9ce"", ""d177548d17dc99e409ed453a24e4821b72787e98812225709037d4ccf4728495""]}, ""target_token_sha256"": ""05af24b79e1701198036ced397bc025fe1f8609cc12975a35be64d916d5b889c""}",assigned_training_record,True,cf4798671a36121038dc31a64bef92b7222db0467cd0f43aa9c045e8d612bcf8,
theory_v2_bf5af86558fa_86e814e1d8c65846,2-firexport_basic_1789247966014.csv,336,theory_v2,min_k_plus_plus,5,,True,,,False,-1.755810603900396,,,{},9,"{""calibration_token_sha256"": [], ""held_out_token_sha256"": ""633f4afcfebf8228aa6a47f9b0ad5fb420c13ff804bfadd23652f4e466ea93b3"", ""partition_token_sha256"": {""0"": [""0b31d640cfe80f1c2b24857bb91c6c82fa24621bc033b72963b14950c24c8c3d"", ""f0051840ba6726e5c03e9003e675ba87ae368c8aa8fb719ede30030df2788e87"", ""4977b54b2d4a8f4eac71f33d5dab2244bf8649e533e6bb078ac7143d26f0cfa7"", ""e9ed285c492e0bd09b52d13ffeb1a29c93ef6bee19ab333362610d1203545382"", ""633f4afcfebf8228aa6a47f9b0ad5fb420c13ff804bfadd23652f4e466ea93b3""], ""1"": [""4f52d4feebc7ffad83c3428760f2a3d1ba832638b03c29c2ce48390fb36fc35a"", ""3c9abfda8d4251aa5bcc95170c0b9e0824a9bad60c448a5ceba3f8f9a07ddec5"", ""5c378b7de6b68d97dc155b1fe191f2d05aeef1cb152c5b979d748878e8b3e9ce"", ""d177548d17dc99e409ed453a24e4821b72787e98812225709037d4ccf4728495""]}, ""target_token_sha256"": ""05af24b79e1701198036ced397bc025fe1f8609cc12975a35be64d916d5b889c""}",assigned_training_record,False,cf4798671a36121038dc31a64bef92b7222db0467cd0f43aa9c045e8d612bcf8,
theory_v2_bf5af86558fa_88b834546276109b54ed366a,2-firexport_basic_1789247966014.csv,337,theory_v2,amia,0,0,True,,,True,2.299294064355156,,4,,,,private_client_batch,,,1016
theory_v2_bf5af86558fa_88b834546276109b54ed366a,2-firexport_basic_1789247966014.csv,337,theory_v2,amia,1,0,False,,,False,0,,4,,,,private_client_batch,,,1016
theory_v2_bf5af86558fa_88b834546276109b54ed366a,2-firexport_basic_1789247966014.csv,337,theory_v2,amia,2,0,True,,,True,2.299293934397482,,4,,,,private_client_batch,,,1017
theory_v2_bf5af86558fa_88b834546276109b54ed366a,2-firexport_basic_1789247966014.csv,337,theory_v2,amia,3,0,False,,,False,0,,4,,,,private_client_batch,,,1017
theory_v2_bf5af86558fa_88b834546276109b54ed366a,2-firexport_basic_1789247966014.csv,337,theory_v2,amia,4,0,True,,,True,2.2992937891606084,,4,,,,private_client_batch,,,1018
theory_v2_bf5af86558fa_88b834546276109b54ed366a,2-firexport_basic_1789247966014.csv,337,theory_v2,amia,5,0,False,,,False,0,,4,,,,private_client_batch,,,1018
theory_v2_bf5af86558fa_ad937eacd1fb03d6,2-firexport_basic_1789247966014.csv,339,theory_v2,wbc,0,,True,,,True,1,,,{},7,"{""calibration_token_sha256"": [], ""held_out_token_sha256"": ""2392f9bacfae2d923613641634b1d5dbb3dc929772cab39a745f4f3fe334ad47"", ""partition_token_sha256"": {""0"": [""4977b54b2d4a8f4eac71f33d5dab2244bf8649e533e6bb078ac7143d26f0cfa7"", ""a7f26b428128aafa32d79b359cf63265ef0bc21c5967f124372c8b653b3a842a"", ""ea0d0fcb8bb6c00bc4ce320b4370d08c58af44c5c419bc91da1beb1272e5e9de"", ""baf340df312716d0e52f4bafe12a3ffe5bd221b96e79337c667c99ab1a535efb"", ""aa083865f9ff30ceb91438a00fee1f2cabf631cc7eac6091fc8fdd1b02ee84e0""], ""1"": [""221bbfaafa2742deede853968584ba74554ec42bb65e122ded7cbf0ab5f8651e"", ""28268c43b46e37be64146a0603d8883e2623b9c89758daf1f36271e77170525d"", ""6acc8574d813ea633dca57e4af20d116058d20317b42a63665e87e56ce3bf8d0"", ""9d289d69aa173fe8559814c0a40553fa727ac0a95e2bbbf81f21c90b74165e35""]}, ""target_token_sha256"": ""aa083865f9ff30ceb91438a00fee1f2cabf631cc7eac6091fc8fdd1b02ee84e0""}",assigned_training_record,True,01209f653c0ece193d86485510fcd04764b6b8a495c79528645e1f5825ff87b4,
theory_v2_bf5af86558fa_ad937eacd1fb03d6,2-firexport_basic_1789247966014.csv,339,theory_v2,wbc,1,,True,,,False,0.9123812217194571,,,{},7,"{""calibration_token_sha256"": [], ""held_out_token_sha256"": ""2392f9bacfae2d923613641634b1d5dbb3dc929772cab39a745f4f3fe334ad47"", ""partition_token_sha256"": {""0"": [""4977b54b2d4a8f4eac71f33d5dab2244bf8649e533e6bb078ac7143d26f0cfa7"", ""a7f26b428128aafa32d79b359cf63265ef0bc21c5967f124372c8b653b3a842a"", ""ea0d0fcb8bb6c00bc4ce320b4370d08c58af44c5c419bc91da1beb1272e5e9de"", ""baf340df312716d0e52f4bafe12a3ffe5bd221b96e79337c667c99ab1a535efb"", ""2392f9bacfae2d923613641634b1d5dbb3dc929772cab39a745f4f3fe334ad47""], ""1"": [""221bbfaafa2742deede853968584ba74554ec42bb65e122ded7cbf0ab5f8651e"", ""28268c43b46e37be64146a0603d8883e2623b9c89758daf1f36271e77170525d"", ""6acc8574d813ea633dca57e4af20d116058d20317b42a63665e87e56ce3bf8d0"", ""9d289d69aa173fe8559814c0a40553fa727ac0a95e2bbbf81f21c90b74165e35""]}, ""target_token_sha256"": ""aa083865f9ff30ceb91438a00fee1f2cabf631cc7eac6091fc8fdd1b02ee84e0""}",assigned_training_record,False,01209f653c0ece193d86485510fcd04764b6b8a495c79528645e1f5825ff87b4,
theory_v2_bf5af86558fa_ad937eacd1fb03d6,2-firexport_basic_1789247966014.csv,339,theory_v2,wbc,2,,True,,,True,1,,,{},8,"{""calibration_token_sha256"": [], ""held_out_token_sha256"": ""ecabb50be19bccf2bd5c009c3a123fa192472e36a6fd914c2f72a9b6dc91746e"", ""partition_token_sha256"": {""0"": [""d38a636761a5e28a92c38a22d3ab0566670e2fb90e0c7c811701d62829136177"", ""4e73de5dc192e3114444f406b298cb6759cce89a4130254a26f38ac6ac3ae284"", ""3a949dcc9567be1ae1055d84caf7ffb6c5e0c61b0bde9fe176be507719b94093"", ""3485a08a1edcb1830ec838d79c91183b00341668d39ef1bd575805dc56c9bf9a"", ""850bd38e24418fd01ed7220bd69ec4c547cc3f857ea86ec917ab3e7b76f6b587""], ""1"": [""26e76a189c90518faf1a8bf4f9cc69f4b4be6944b437907c8f8990f306e38711"", ""757c5c62b1c6411b4f94e3f0e629fa8b173c256c30a5fc3e0091f9dab268602f"", ""39bcc5f1fc5772b92297954e12b524d954c70bb5b152683ab521467157850335"", ""146c892dbcf08e74e64d636221e9123571fd3d64ecd5e515983e6c71b8343945""]}, ""target_token_sha256"": ""850bd38e24418fd01ed7220bd69ec4c547cc3f857ea86ec917ab3e7b76f6b587""}",assigned_training_record,True,471919e882c0311dfd0d6a9f70de554b6187146afb0c4049dc021a19f2eb22b2,
theory_v2_bf5af86558fa_ad937eacd1fb03d6,2-firexport_basic_1789247966014.csv,339,theory_v2,wbc,3,,True,,,False,0.9696886446886447,,,{},8,"{""calibration_token_sha256"": [], ""held_out_token_sha256"": ""ecabb50be19bccf2bd5c009c3a123fa192472e36a6fd914c2f72a9b6dc91746e"", ""partition_token_sha256"": {""0"": [""d38a636761a5e28a92c38a22d3ab0566670e2fb90e0c7c811701d62829136177"", ""4e73de5dc192e3114444f406b298cb6759cce89a4130254a26f38ac6ac3ae284"", ""3a949dcc9567be1ae1055d84caf7ffb6c5e0c61b0bde9fe176be507719b94093"", ""3485a08a1edcb1830ec838d79c91183b00341668d39ef1bd575805dc56c9bf9a"", ""ecabb50be19bccf2bd5c009c3a123fa192472e36a6fd914c2f72a9b6dc91746e""], ""1"": [""26e76a189c90518faf1a8bf4f9cc69f4b4be6944b437907c8f8990f306e38711"", ""757c5c62b1c6411b4f94e3f0e629fa8b173c256c30a5fc3e0091f9dab268602f"", ""39bcc5f1fc5772b92297954e12b524d954c70bb5b152683ab521467157850335"", ""146c892dbcf08e74e64d636221e9123571fd3d64ecd5e515983e6c71b8343945""]}, ""target_token_sha256"": ""850bd38e24418fd01ed7220bd69ec4c547cc3f857ea86ec917ab3e7b76f6b587""}",assigned_training_record,False,471919e882c0311dfd0d6a9f70de554b6187146afb0c4049dc021a19f2eb22b2,
theory_v2_bf5af86558fa_ad937eacd1fb03d6,2-firexport_basic_1789247966014.csv,339,theory_v2,wbc,4,,True,,,True,0.9945195195195196,,,{},9,"{""calibration_token_sha256"": [], ""held_out_token_sha256"": ""633f4afcfebf8228aa6a47f9b0ad5fb420c13ff804bfadd23652f4e466ea93b3"", ""partition_token_sha256"": {""0"": [""0b31d640cfe80f1c2b24857bb91c6c82fa24621bc033b72963b14950c24c8c3d"", ""f0051840ba6726e5c03e9003e675ba87ae368c8aa8fb719ede30030df2788e87"", ""4977b54b2d4a8f4eac71f33d5dab2244bf8649e533e6bb078ac7143d26f0cfa7"", ""e9ed285c492e0bd09b52d13ffeb1a29c93ef6bee19ab333362610d1203545382"", ""05af24b79e1701198036ced397bc025fe1f8609cc12975a35be64d916d5b889c""], ""1"": [""4f52d4feebc7ffad83c3428760f2a3d1ba832638b03c29c2ce48390fb36fc35a"", ""3c9abfda8d4251aa5bcc95170c0b9e0824a9bad60c448a5ceba3f8f9a07ddec5"", ""5c378b7de6b68d97dc155b1fe191f2d05aeef1cb152c5b979d748878e8b3e9ce"", ""d177548d17dc99e409ed453a24e4821b72787e98812225709037d4ccf4728495""]}, ""target_token_sha256"": ""05af24b79e1701198036ced397bc025fe1f8609cc12975a35be64d916d5b889c""}",assigned_training_record,True,cf4798671a36121038dc31a64bef92b7222db0467cd0f43aa9c045e8d612bcf8,
theory_v2_bf5af86558fa_ad937eacd1fb03d6,2-firexport_basic_1789247966014.csv,339,theory_v2,wbc,5,,True,,,False,0.8453727953727954,,,{},9,"{""calibration_token_sha256"": [], ""held_out_token_sha256"": ""633f4afcfebf8228aa6a47f9b0ad5fb420c13ff804bfadd23652f4e466ea93b3"", ""partition_token_sha256"": {""0"": [""0b31d640cfe80f1c2b24857bb91c6c82fa24621bc033b72963b14950c24c8c3d"", ""f0051840ba6726e5c03e9003e675ba87ae368c8aa8fb719ede30030df2788e87"", ""4977b54b2d4a8f4eac71f33d5dab2244bf8649e533e6bb078ac7143d26f0cfa7"", ""e9ed285c492e0bd09b52d13ffeb1a29c93ef6bee19ab333362610d1203545382"", ""633f4afcfebf8228aa6a47f9b0ad5fb420c13ff804bfadd23652f4e466ea93b3""], ""1"": [""4f52d4feebc7ffad83c3428760f2a3d1ba832638b03c29c2ce48390fb36fc35a"", ""3c9abfda8d4251aa5bcc95170c0b9e0824a9bad60c448a5ceba3f8f9a07ddec5"", ""5c378b7de6b68d97dc155b1fe191f2d05aeef1cb152c5b979d748878e8b3e9ce"", ""d177548d17dc99e409ed453a24e4821b72787e98812225709037d4ccf4728495""]}, ""target_token_sha256"": ""05af24b79e1701198036ced397bc025fe1f8609cc12975a35be64d916d5b889c""}",assigned_training_record,False,cf4798671a36121038dc31a64bef92b7222db0467cd0f43aa9c045e8d612bcf8,
theory_v2_bf5af86558fa_b20d5e976260cc94,2-firexport_basic_1789247966014.csv,340,theory_v2,recall,0,,True,,,True,1.0601851935240338,,,{},7,"{""calibration_token_sha256"": [], ""held_out_token_sha256"": ""2392f9bacfae2d923613641634b1d5dbb3dc929772cab39a745f4f3fe334ad47"", ""partition_token_sha256"": {""0"": [""4977b54b2d4a8f4eac71f33d5dab2244bf8649e533e6bb078ac7143d26f0cfa7"", ""a7f26b428128aafa32d79b359cf63265ef0bc21c5967f124372c8b653b3a842a"", ""ea0d0fcb8bb6c00bc4ce320b4370d08c58af44c5c419bc91da1beb1272e5e9de"", ""baf340df312716d0e52f4bafe12a3ffe5bd221b96e79337c667c99ab1a535efb"", ""aa083865f9ff30ceb91438a00fee1f2cabf631cc7eac6091fc8fdd1b02ee84e0""], ""1"": [""221bbfaafa2742deede853968584ba74554ec42bb65e122ded7cbf0ab5f8651e"", ""28268c43b46e37be64146a0603d8883e2623b9c89758daf1f36271e77170525d"", ""6acc8574d813ea633dca57e4af20d116058d20317b42a63665e87e56ce3bf8d0"", ""9d289d69aa173fe8559814c0a40553fa727ac0a95e2bbbf81f21c90b74165e35""]}, ""target_token_sha256"": ""aa083865f9ff30ceb91438a00fee1f2cabf631cc7eac6091fc8fdd1b02ee84e0""}",assigned_training_record,True,01209f653c0ece193d86485510fcd04764b6b8a495c79528645e1f5825ff87b4,
theory_v2_bf5af86558fa_b20d5e976260cc94,2-firexport_basic_1789247966014.csv,340,theory_v2,recall,1,,False,,,False,1.0474786375321308,,,{},7,"{""calibration_token_sha256"": [], ""held_out_token_sha256"": ""2392f9bacfae2d923613641634b1d5dbb3dc929772cab39a745f4f3fe334ad47"", ""partition_token_sha256"": {""0"": [""4977b54b2d4a8f4eac71f33d5dab2244bf8649e533e6bb078ac7143d26f0cfa7"", ""a7f26b428128aafa32d79b359cf63265ef0bc21c5967f124372c8b653b3a842a"", ""ea0d0fcb8bb6c00bc4ce320b4370d08c58af44c5c419bc91da1beb1272e5e9de"", ""baf340df312716d0e52f4bafe12a3ffe5bd221b96e79337c667c99ab1a535efb"", ""2392f9bacfae2d923613641634b1d5dbb3dc929772cab39a745f4f3fe334ad47""], ""1"": [""221bbfaafa2742deede853968584ba74554ec42bb65e122ded7cbf0ab5f8651e"", ""28268c43b46e37be64146a0603d8883e2623b9c89758daf1f36271e77170525d"", ""6acc8574d813ea633dca57e4af20d116058d20317b42a63665e87e56ce3bf8d0"", ""9d289d69aa173fe8559814c0a40553fa727ac0a95e2bbbf81f21c90b74165e35""]}, ""target_token_sha256"": ""aa083865f9ff30ceb91438a00fee1f2cabf631cc7eac6091fc8fdd1b02ee84e0""}",assigned_training_record,False,01209f653c0ece193d86485510fcd04764b6b8a495c79528645e1f5825ff87b4,
theory_v2_bf5af86558fa_b20d5e976260cc94,2-firexport_basic_1789247966014.csv,340,theory_v2,recall,2,,False,,,True,0.9568799487939336,,,{},8,"{""calibration_token_sha256"": [], ""held_out_token_sha256"": ""ecabb50be19bccf2bd5c009c3a123fa192472e36a6fd914c2f72a9b6dc91746e"", ""partition_token_sha256"": {""0"": [""d38a636761a5e28a92c38a22d3ab0566670e2fb90e0c7c811701d62829136177"", ""4e73de5dc192e3114444f406b298cb6759cce89a4130254a26f38ac6ac3ae284"", ""3a949dcc9567be1ae1055d84caf7ffb6c5e0c61b0bde9fe176be507719b94093"", ""3485a08a1edcb1830ec838d79c91183b00341668d39ef1bd575805dc56c9bf9a"", ""850bd38e24418fd01ed7220bd69ec4c547cc3f857ea86ec917ab3e7b76f6b587""], ""1"": [""26e76a189c90518faf1a8bf4f9cc69f4b4be6944b437907c8f8990f306e38711"", ""757c5c62b1c6411b4f94e3f0e629fa8b173c256c30a5fc3e0091f9dab268602f"", ""39bcc5f1fc5772b92297954e12b524d954c70bb5b152683ab521467157850335"", ""146c892dbcf08e74e64d636221e9123571fd3d64ecd5e515983e6c71b8343945""]}, ""target_token_sha256"": ""850bd38e24418fd01ed7220bd69ec4c547cc3f857ea86ec917ab3e7b76f6b587""}",assigned_training_record,True,471919e882c0311dfd0d6a9f70de554b6187146afb0c4049dc021a19f2eb22b2,
theory_v2_bf5af86558fa_b20d5e976260cc94,2-firexport_basic_1789247966014.csv,340,theory_v2,recall,3,,False,,,False,0.9410903091262849,,,{},8,"{""calibration_token_sha256"": [], ""held_out_token_sha256"": ""ecabb50be19bccf2bd5c009c3a123fa192472e36a6fd914c2f72a9b6dc91746e"", ""partition_token_sha256"": {""0"": [""d38a636761a5e28a92c38a22d3ab0566670e2fb90e0c7c811701d62829136177"", ""4e73de5dc192e3114444f406b298cb6759cce89a4130254a26f38ac6ac3ae284"", ""3a949dcc9567be1ae1055d84caf7ffb6c5e0c61b0bde9fe176be507719b94093"", ""3485a08a1edcb1830ec838d79c91183b00341668d39ef1bd575805dc56c9bf9a"", ""ecabb50be19bccf2bd5c009c3a123fa192472e36a6fd914c2f72a9b6dc91746e""], ""1"": [""26e76a189c90518faf1a8bf4f9cc69f4b4be6944b437907c8f8990f306e38711"", ""757c5c62b1c6411b4f94e3f0e629fa8b173c256c30a5fc3e0091f9dab268602f"", ""39bcc5f1fc5772b92297954e12b524d954c70bb5b152683ab521467157850335"", ""146c892dbcf08e74e64d636221e9123571fd3d64ecd5e515983e6c71b8343945""]}, ""target_token_sha256"": ""850bd38e24418fd01ed7220bd69ec4c547cc3f857ea86ec917ab3e7b76f6b587""}",assigned_training_record,False,471919e882c0311dfd0d6a9f70de554b6187146afb0c4049dc021a19f2eb22b2,
theory_v2_bf5af86558fa_b20d5e976260cc94,2-firexport_basic_1789247966014.csv,340,theory_v2,recall,4,,False,,,True,0.9697646614078071,,,{},9,"{""calibration_token_sha256"": [], ""held_out_token_sha256"": ""633f4afcfebf8228aa6a47f9b0ad5fb420c13ff804bfadd23652f4e466ea93b3"", ""partition_token_sha256"": {""0"": [""0b31d640cfe80f1c2b24857bb91c6c82fa24621bc033b72963b14950c24c8c3d"", ""f0051840ba6726e5c03e9003e675ba87ae368c8aa8fb719ede30030df2788e87"", ""4977b54b2d4a8f4eac71f33d5dab2244bf8649e533e6bb078ac7143d26f0cfa7"", ""e9ed285c492e0bd09b52d13ffeb1a29c93ef6bee19ab333362610d1203545382"", ""05af24b79e1701198036ced397bc025fe1f8609cc12975a35be64d916d5b889c""], ""1"": [""4f52d4feebc7ffad83c3428760f2a3d1ba832638b03c29c2ce48390fb36fc35a"", ""3c9abfda8d4251aa5bcc95170c0b9e0824a9bad60c448a5ceba3f8f9a07ddec5"", ""5c378b7de6b68d97dc155b1fe191f2d05aeef1cb152c5b979d748878e8b3e9ce"", ""d177548d17dc99e409ed453a24e4821b72787e98812225709037d4ccf4728495""]}, ""target_token_sha256"": ""05af24b79e1701198036ced397bc025fe1f8609cc12975a35be64d916d5b889c""}",assigned_training_record,True,cf4798671a36121038dc31a64bef92b7222db0467cd0f43aa9c045e8d612bcf8,
theory_v2_bf5af86558fa_b20d5e976260cc94,2-firexport_basic_1789247966014.csv,340,theory_v2,recall,5,,False,,,False,0.9646879088784943,,,{},9,"{""calibration_token_sha256"": [], ""held_out_token_sha256"": ""633f4afcfebf8228aa6a47f9b0ad5fb420c13ff804bfadd23652f4e466ea93b3"", ""partition_token_sha256"": {""0"": [""0b31d640cfe80f1c2b24857bb91c6c82fa24621bc033b72963b14950c24c8c3d"", ""f0051840ba6726e5c03e9003e675ba87ae368c8aa8fb719ede30030df2788e87"", ""4977b54b2d4a8f4eac71f33d5dab2244bf8649e533e6bb078ac7143d26f0cfa7"", ""e9ed285c492e0bd09b52d13ffeb1a29c93ef6bee19ab333362610d1203545382"", ""633f4afcfebf8228aa6a47f9b0ad5fb420c13ff804bfadd23652f4e466ea93b3""], ""1"": [""4f52d4feebc7ffad83c3428760f2a3d1ba832638b03c29c2ce48390fb36fc35a"", ""3c9abfda8d4251aa5bcc95170c0b9e0824a9bad60c448a5ceba3f8f9a07ddec5"", ""5c378b7de6b68d97dc155b1fe191f2d05aeef1cb152c5b979d748878e8b3e9ce"", ""d177548d17dc99e409ed453a24e4821b72787e98812225709037d4ccf4728495""]}, ""target_token_sha256"": ""05af24b79e1701198036ced397bc025fe1f8609cc12975a35be64d916d5b889c""}",assigned_training_record,False,cf4798671a36121038dc31a64bef92b7222db0467cd0f43aa9c045e8d612bcf8,
theory_v2_bf5af86558fa_fbc41eba234546f0,2-firexport_basic_1789247966014.csv,341,theory_v2,min_k,0,,False,,,True,-7.776167273521423,,,{},7,"{""calibration_token_sha256"": [], ""held_out_token_sha256"": ""2392f9bacfae2d923613641634b1d5dbb3dc929772cab39a745f4f3fe334ad47"", ""partition_token_sha256"": {""0"": [""4977b54b2d4a8f4eac71f33d5dab2244bf8649e533e6bb078ac7143d26f0cfa7"", ""a7f26b428128aafa32d79b359cf63265ef0bc21c5967f124372c8b653b3a842a"", ""ea0d0fcb8bb6c00bc4ce320b4370d08c58af44c5c419bc91da1beb1272e5e9de"", ""baf340df312716d0e52f4bafe12a3ffe5bd221b96e79337c667c99ab1a535efb"", ""aa083865f9ff30ceb91438a00fee1f2cabf631cc7eac6091fc8fdd1b02ee84e0""], ""1"": [""221bbfaafa2742deede853968584ba74554ec42bb65e122ded7cbf0ab5f8651e"", ""28268c43b46e37be64146a0603d8883e2623b9c89758daf1f36271e77170525d"", ""6acc8574d813ea633dca57e4af20d116058d20317b42a63665e87e56ce3bf8d0"", ""9d289d69aa173fe8559814c0a40553fa727ac0a95e2bbbf81f21c90b74165e35""]}, ""target_token_sha256"": ""aa083865f9ff30ceb91438a00fee1f2cabf631cc7eac6091fc8fdd1b02ee84e0""}",assigned_training_record,True,01209f653c0ece193d86485510fcd04764b6b8a495c79528645e1f5825ff87b4,
theory_v2_bf5af86558fa_fbc41eba234546f0,2-firexport_basic_1789247966014.csv,341,theory_v2,min_k,1,,False,,,False,-8.181245684623718,,,{},7,"{""calibration_token_sha256"": [], ""held_out_token_sha256"": ""2392f9bacfae2d923613641634b1d5dbb3dc929772cab39a745f4f3fe334ad47"", ""partition_token_sha256"": {""0"": [""4977b54b2d4a8f4eac71f33d5dab2244bf8649e533e6bb078ac7143d26f0cfa7"", ""a7f26b428128aafa32d79b359cf63265ef0bc21c5967f124372c8b653b3a842a"", ""ea0d0fcb8bb6c00bc4ce320b4370d08c58af44c5c419bc91da1beb1272e5e9de"", ""baf340df312716d0e52f4bafe12a3ffe5bd221b96e79337c667c99ab1a535efb"", ""2392f9bacfae2d923613641634b1d5dbb3dc929772cab39a745f4f3fe334ad47""], ""1"": [""221bbfaafa2742deede853968584ba74554ec42bb65e122ded7cbf0ab5f8651e"", ""28268c43b46e37be64146a0603d8883e2623b9c89758daf1f36271e77170525d"", ""6acc8574d813ea633dca57e4af20d116058d20317b42a63665e87e56ce3bf8d0"", ""9d289d69aa173fe8559814c0a40553fa727ac0a95e2bbbf81f21c90b74165e35""]}, ""target_token_sha256"": ""aa083865f9ff30ceb91438a00fee1f2cabf631cc7eac6091fc8fdd1b02ee84e0""}",assigned_training_record,False,01209f653c0ece193d86485510fcd04764b6b8a495c79528645e1f5825ff87b4,
theory_v2_bf5af86558fa_fbc41eba234546f0,2-firexport_basic_1789247966014.csv,341,theory_v2,min_k,2,,False,,,True,-8.732027689615885,,,{},8,"{""calibration_token_sha256"": [], ""held_out_token_sha256"": ""ecabb50be19bccf2bd5c009c3a123fa192472e36a6fd914c2f72a9b6dc91746e"", ""partition_token_sha256"": {""0"": [""d38a636761a5e28a92c38a22d3ab0566670e2fb90e0c7c811701d62829136177"", ""4e73de5dc192e3114444f406b298cb6759cce89a4130254a26f38ac6ac3ae284"", ""3a949dcc9567be1ae1055d84caf7ffb6c5e0c61b0bde9fe176be507719b94093"", ""3485a08a1edcb1830ec838d79c91183b00341668d39ef1bd575805dc56c9bf9a"", ""850bd38e24418fd01ed7220bd69ec4c547cc3f857ea86ec917ab3e7b76f6b587""], ""1"": [""26e76a189c90518faf1a8bf4f9cc69f4b4be6944b437907c8f8990f306e38711"", ""757c5c62b1c6411b4f94e3f0e629fa8b173c256c30a5fc3e0091f9dab268602f"", ""39bcc5f1fc5772b92297954e12b524d954c70bb5b152683ab521467157850335"", ""146c892dbcf08e74e64d636221e9123571fd3d64ecd5e515983e6c71b8343945""]}, ""target_token_sha256"": ""850bd38e24418fd01ed7220bd69ec4c547cc3f857ea86ec917ab3e7b76f6b587""}",assigned_training_record,True,471919e882c0311dfd0d6a9f70de554b6187146afb0c4049dc021a19f2eb22b2,
theory_v2_bf5af86558fa_fbc41eba234546f0,2-firexport_basic_1789247966014.csv,341,theory_v2,min_k,3,,False,,,False,-9.385279655456543,,,{},8,"{""calibration_token_sha256"": [], ""held_out_token_sha256"": ""ecabb50be19bccf2bd5c009c3a123fa192472e36a6fd914c2f72a9b6dc91746e"", ""partition_token_sha256"": {""0"": [""d38a636761a5e28a92c38a22d3ab0566670e2fb90e0c7c811701d62829136177"", ""4e73de5dc192e3114444f406b298cb6759cce89a4130254a26f38ac6ac3ae284"", ""3a949dcc9567be1ae1055d84caf7ffb6c5e0c61b0bde9fe176be507719b94093"", ""3485a08a1edcb1830ec838d79c91183b00341668d39ef1bd575805dc56c9bf9a"", ""ecabb50be19bccf2bd5c009c3a123fa192472e36a6fd914c2f72a9b6dc91746e""], ""1"": [""26e76a189c90518faf1a8bf4f9cc69f4b4be6944b437907c8f8990f306e38711"", ""757c5c62b1c6411b4f94e3f0e629fa8b173c256c30a5fc3e0091f9dab268602f"", ""39bcc5f1fc5772b92297954e12b524d954c70bb5b152683ab521467157850335"", ""146c892dbcf08e74e64d636221e9123571fd3d64ecd5e515983e6c71b8343945""]}, ""target_token_sha256"": ""850bd38e24418fd01ed7220bd69ec4c547cc3f857ea86ec917ab3e7b76f6b587""}",assigned_training_record,False,471919e882c0311dfd0d6a9f70de554b6187146afb0c4049dc021a19f2eb22b2,
theory_v2_bf5af86558fa_fbc41eba234546f0,2-firexport_basic_1789247966014.csv,341,theory_v2,min_k,4,,False,,,True,-9.456462025642395,,,{},9,"{""calibration_token_sha256"": [], ""held_out_token_sha256"": ""633f4afcfebf8228aa6a47f9b0ad5fb420c13ff804bfadd23652f4e466ea93b3"", ""partition_token_sha256"": {""0"": [""0b31d640cfe80f1c2b24857bb91c6c82fa24621bc033b72963b14950c24c8c3d"", ""f0051840ba6726e5c03e9003e675ba87ae368c8aa8fb719ede30030df2788e87"", ""4977b54b2d4a8f4eac71f33d5dab2244bf8649e533e6bb078ac7143d26f0cfa7"", ""e9ed285c492e0bd09b52d13ffeb1a29c93ef6bee19ab333362610d1203545382"", ""05af24b79e1701198036ced397bc025fe1f8609cc12975a35be64d916d5b889c""], ""1"": [""4f52d4feebc7ffad83c3428760f2a3d1ba832638b03c29c2ce48390fb36fc35a"", ""3c9abfda8d4251aa5bcc95170c0b9e0824a9bad60c448a5ceba3f8f9a07ddec5"", ""5c378b7de6b68d97dc155b1fe191f2d05aeef1cb152c5b979d748878e8b3e9ce"", ""d177548d17dc99e409ed453a24e4821b72787e98812225709037d4ccf4728495""]}, ""target_token_sha256"": ""05af24b79e1701198036ced397bc025fe1f8609cc12975a35be64d916d5b889c""}",assigned_training_record,True,cf4798671a36121038dc31a64bef92b7222db0467cd0f43aa9c045e8d612bcf8,
theory_v2_bf5af86558fa_fbc41eba234546f0,2-firexport_basic_1789247966014.csv,341,theory_v2,min_k,5,,False,,,False,-10.00813364982605,,,{},9,"{""calibration_token_sha256"": [], ""held_out_token_sha256"": ""633f4afcfebf8228aa6a47f9b0ad5fb420c13ff804bfadd23652f4e466ea93b3"", ""partition_token_sha256"": {""0"": [""0b31d640cfe80f1c2b24857bb91c6c82fa24621bc033b72963b14950c24c8c3d"", ""f0051840ba6726e5c03e9003e675ba87ae368c8aa8fb719ede30030df2788e87"", ""4977b54b2d4a8f4eac71f33d5dab2244bf8649e533e6bb078ac7143d26f0cfa7"", ""e9ed285c492e0bd09b52d13ffeb1a29c93ef6bee19ab333362610d1203545382"", ""633f4afcfebf8228aa6a47f9b0ad5fb420c13ff804bfadd23652f4e466ea93b3""], ""1"": [""4f52d4feebc7ffad83c3428760f2a3d1ba832638b03c29c2ce48390fb36fc35a"", ""3c9abfda8d4251aa5bcc95170c0b9e0824a9bad60c448a5ceba3f8f9a07ddec5"", ""5c378b7de6b68d97dc155b1fe191f2d05aeef1cb152c5b979d748878e8b3e9ce"", ""d177548d17dc99e409ed453a24e4821b72787e98812225709037d4ccf4728495""]}, ""target_token_sha256"": ""05af24b79e1701198036ced397bc025fe1f8609cc12975a35be64d916d5b889c""}",assigned_training_record,False,cf4798671a36121038dc31a64bef92b7222db0467cd0f43aa9c045e8d612bcf8,
